,PPV,TPR,F1,INF-MCC
1A60_1_A,1.0,1.0,1.0,1.0
1ASY_1_R,0.0,0.0,0.0,0.0
1ASY_1_S,0.0,0.0,0.0,0.0
1ASZ_1_R,0.0,0.0,0.0,0.0
1ASZ_1_S,0.0,0.0,0.0,0.0
1B23_1_R,0.0,0.0,0.0,0.0
1BAU_1_A-B,1.0,1.0,1.0,1.0
1BJ2_1_A-B,1.0,1.0,1.0,1.0
1DDY_1_A,1.0,1.0,1.0,1.0
1DDY_1_C,1.0,1.0,1.0,1.0
1DDY_1_E,1.0,1.0,1.0,1.0
1DDY_1_G,1.0,1.0,1.0,1.0
1DRZ_1_B,0.5,0.667,0.571,0.577
1E8O_1_E,0.0,0.0,0.0,0.0
1E95_14_A,1.0,1.0,1.0,1.0
1EFW_1_C,0.0,0.0,0.0,0.0
1EFW_1_D,0.0,0.0,0.0,0.0
1EHZ_1_A,0.0,0.0,0.0,0.0
1EIY_1_C,0.0,0.0,0.0,0.0
1ET4_1_A,1.0,1.0,1.0,1.0
1ET4_1_B,1.0,1.0,1.0,1.0
1ET4_1_C,1.0,1.0,1.0,1.0
1ET4_1_D,1.0,1.0,1.0,1.0
1ET4_1_E,1.0,1.0,1.0,1.0
1EUQ_1_B,0.0,0.0,0.0,0.0
1EUY_1_B,0.0,0.0,0.0,0.0
1EVV_1_A,0.0,0.0,0.0,0.0
1EXD_1_B,0.0,0.0,0.0,0.0
1F7U_1_B,0.0,0.0,0.0,0.0
1F7V_1_B,0.0,0.0,0.0,0.0
1FCW_1_A,0.0,0.0,0.0,0.0
1FCW_1_B,0.0,0.0,0.0,0.0
1FCW_1_C,0.0,0.0,0.0,0.0
1FCW_1_D,0.0,0.0,0.0,0.0
1FCW_1_E,0.0,0.0,0.0,0.0
1FFY_1_T,0.0,0.0,0.0,0.0
1FFZ_1_A,0.0,0.0,0.0,0.0
1FG0_1_A,0.0,0.0,0.0,0.0
1FIR_1_A,0.0,0.0,0.0,0.0
1G59_1_B,0.0,0.0,0.0,0.0
1G59_1_D,0.0,0.0,0.0,0.0
1GAX_1_C,0.0,0.0,0.0,0.0
1GAX_1_D,0.0,0.0,0.0,0.0
1GRZ_1_A,0.8,0.8,0.8,0.8
1GRZ_1_B,0.5,0.667,0.571,0.577
1GTR_1_B,0.0,0.0,0.0,0.0
1GTS_1_B,0.0,0.0,0.0,0.0
1H3E_1_B,0.0,0.0,0.0,0.0
1H4Q_1_T,0.0,0.0,0.0,0.0
1H4S_1_T,0.0,0.0,0.0,0.0
1HVU_1_C,0.5,1.0,0.667,0.707
1HVU_1_F,0.5,1.0,0.667,0.707
1HVU_1_I,0.5,1.0,0.667,0.707
1HVU_1_L,0.5,1.0,0.667,0.707
1I9V_1_A,0.0,0.0,0.0,0.0
1IBL_1_Y-Z,0.0,0.0,0.0,0.0
1IBM_1_Y-Z,0.0,0.0,0.0,0.0
1IL2_1_C,0.0,0.0,0.0,0.0
1IL2_1_D,0.0,0.0,0.0,0.0
1IVS_1_C,0.0,0.0,0.0,0.0
1IVS_1_D,0.0,0.0,0.0,0.0
1J1U_1_B,0.0,0.0,0.0,0.0
1JGO_1_B,0.0,0.0,0.0,0.0
1JGO_1_C,0.0,0.0,0.0,0.0
1JGO_1_D,0.0,0.0,0.0,0.0
1JGP_1_B,0.0,0.0,0.0,0.0
1JGP_1_C,0.0,0.0,0.0,0.0
1JGP_1_D,0.0,0.0,0.0,0.0
1JGQ_1_B,0.0,0.0,0.0,0.0
1JGQ_1_C,0.0,0.0,0.0,0.0
1JGQ_1_D,0.0,0.0,0.0,0.0
1KAJ_1_A,1.0,1.0,1.0,1.0
1KPD_1_A,1.0,1.0,1.0,1.0
1KPY_3_A,1.0,1.0,1.0,1.0
1KPZ_1_A,1.0,1.0,1.0,1.0
1L2X_1_A,1.0,1.0,1.0,1.0
1L3D_1_A,1.0,1.0,1.0,1.0
1MJ1_1_C,0.0,0.0,0.0,0.0
1MJ1_1_D,0.0,0.0,0.0,0.0
1ML5_1_B,0.0,0.0,0.0,0.0
1MZP_1_B,0.0,0.0,0.0,0.0
1N32_1_Y-Z,0.0,0.0,0.0,0.0
1N33_1_Y-Z,0.0,0.0,0.0,0.0
1N77_1_C,0.0,0.0,0.0,0.0
1N77_1_D,0.0,0.0,0.0,0.0
1N78_1_C,0.0,0.0,0.0,0.0
1N78_1_D,0.0,0.0,0.0,0.0
1O0B_1_B,0.0,0.0,0.0,0.0
1O0C_1_B,0.0,0.0,0.0,0.0
1OB2_1_B,0.0,0.0,0.0,0.0
1Q29_1_B-A,0.0,0.0,0.0,0.0
1QF6_1_B,0.0,0.0,0.0,0.0
1QRS_1_B,0.0,0.0,0.0,0.0
1QRT_1_B,0.0,0.0,0.0,0.0
1QRU_1_B,0.0,0.0,0.0,0.0
1QTQ_1_B,0.0,0.0,0.0,0.0
1QU2_1_T,0.0,0.0,0.0,0.0
1QU3_1_T,0.0,0.0,0.0,0.0
1RNK_1_A,1.0,1.0,1.0,1.0
1RY1_1_E,0.0,0.0,0.0,0.0
1SER_1_T,0.0,0.0,0.0,0.0
1SJ3_1_R,0.0,0.0,0.0,0.0
1SJ4_1_R,0.0,0.0,0.0,0.0
1SJF_1_B,0.625,0.833,0.714,0.722
1SZ1_1_E,0.0,0.0,0.0,0.0
1SZ1_1_F,0.0,0.0,0.0,0.0
1TN1_1_A,0.0,0.0,0.0,0.0
1TN2_1_A,0.0,0.0,0.0,0.0
1TRA_1_A,0.0,0.0,0.0,0.0
1TTT_1_D,0.0,0.0,0.0,0.0
1TTT_1_E,0.0,0.0,0.0,0.0
1TTT_1_F,0.0,0.0,0.0,0.0
1U6B_1_B,0.833,0.833,0.833,0.833
1VBX_1_B,0.0,0.0,0.0,0.0
1VBY_1_B,0.0,0.0,0.0,0.0
1VBZ_1_B,0.0,0.0,0.0,0.0
1VC0_1_B,0.0,0.0,0.0,0.0
1VC5_1_B,0.75,1.0,0.857,0.866
1VC6_1_B,0.375,0.5,0.429,0.433
1VVJ_1_QV,0.0,0.0,0.0,0.0
1VVJ_1_XV,0.0,0.0,0.0,0.0
1VY4_1_AX,0.0,0.0,0.0,0.0
1VY4_1_AY,0.0,0.0,0.0,0.0
1VY4_1_CW,0.0,0.0,0.0,0.0
1VY4_1_CX,0.0,0.0,0.0,0.0
1VY5_1_AW,0.0,0.0,0.0,0.0
1VY5_1_AX,0.0,0.0,0.0,0.0
1VY5_1_CW,0.0,0.0,0.0,0.0
1VY5_1_CX,0.0,0.0,0.0,0.0
1VY6_1_AX,0.0,0.0,0.0,0.0
1VY6_1_CX,0.0,0.0,0.0,0.0
1VY7_1_AX,0.0,0.0,0.0,0.0
1VY7_1_CX,0.0,0.0,0.0,0.0
1WZ2_1_C,0.0,0.0,0.0,0.0
1WZ2_1_D,0.0,0.0,0.0,0.0
1X8W_1_A,1.0,1.0,1.0,1.0
1X8W_1_B,0.0,0.0,0.0,0.0
1X8W_1_C,0.0,0.0,0.0,0.0
1X8W_1_D,0.0,0.0,0.0,0.0
1X9C_1_D-C-A-B,0.0,0.0,0.0,0.0
1X9K_1_D-C-A-B,0.0,0.0,0.0,0.0
1XMO_1_X-W,0.0,0.0,0.0,0.0
1XMQ_1_X-W,0.0,0.0,0.0,0.0
1XNQ_1_X-W,0.0,0.0,0.0,0.0
1XNR_1_X-W,0.0,0.0,0.0,0.0
1XP7_1_A-B,1.0,1.0,1.0,1.0
1XPE_1_A-B,1.0,1.0,1.0,1.0
1XPF_1_A-B,1.0,1.0,1.0,1.0
1Y0Q_1_A,0.0,0.0,0.0,0.0
1Y26_1_X,1.0,1.0,1.0,1.0
1Y27_1_X,0.333,1.0,0.5,0.577
1Y3O_1_A-B,1.0,1.0,1.0,1.0
1Y3S_1_A-B,1.0,1.0,1.0,1.0
1YFG_1_A,0.0,0.0,0.0,0.0
1YG3_1_A,1.0,1.0,1.0,1.0
1YG4_1_A,1.0,1.0,1.0,1.0
1YMO_11_A,1.0,1.0,1.0,1.0
1YXP_1_A-B,1.0,1.0,1.0,1.0
1ZCI_1_A-B,1.0,1.0,1.0,1.0
1ZCI_1_C-D,1.0,1.0,1.0,1.0
1ZFT_1_D-C-A-B,0.0,0.0,0.0,0.0
1ZFV_1_D-C-A-B,0.0,0.0,0.0,0.0
1ZFX_1_D-C-A-B,0.0,0.0,0.0,0.0
1ZJW_1_B,0.0,0.0,0.0,0.0
1ZO1_1_F,1.0,1.0,1.0,1.0
1ZO3_1_A,1.0,1.0,1.0,1.0
1ZO3_1_B,1.0,1.0,1.0,1.0
1ZZN_1_B,0.833,0.833,0.833,0.833
2A2E_1_A,0.636,1.0,0.778,0.798
2A43_1_A,1.0,1.0,1.0,1.0
2A64_1_A,0.286,1.0,0.444,0.535
2AP0_9_A,1.0,1.0,1.0,1.0
2AP5_1_A,1.0,1.0,1.0,1.0
2AZX_1_D,0.0,0.0,0.0,0.0
2B57_1_A,1.0,1.0,1.0,1.0
2B8R_1_A-B,1.0,1.0,1.0,1.0
2B8S_1_A-B,1.0,1.0,1.0,1.0
2BCY_1_D-C-A-B,0.0,0.0,0.0,0.0
2BCZ_1_D-C-A-B,0.0,0.0,0.0,0.0
2BJ2_1_A-B,1.0,1.0,1.0,1.0
2BTE_1_B,0.0,0.0,0.0,0.0
2BTE_1_E,0.0,0.0,0.0,0.0
2BYT_1_B,0.0,0.0,0.0,0.0
2BYT_1_E,0.0,0.0,0.0,0.0
2CT8_1_C,0.0,0.0,0.0,0.0
2CT8_1_D,0.0,0.0,0.0,0.0
2CV0_1_C,0.0,0.0,0.0,0.0
2CV0_1_D,0.0,0.0,0.0,0.0
2CV1_1_C,0.0,0.0,0.0,0.0
2CV1_1_D,0.0,0.0,0.0,0.0
2CV2_1_C,0.0,0.0,0.0,0.0
2CV2_1_D,0.0,0.0,0.0,0.0
2CZJ_1_B,0.0,0.0,0.0,0.0
2CZJ_1_D,0.0,0.0,0.0,0.0
2D19_1_B-A,1.0,1.0,1.0,1.0
2D2K_1_D-C-A-B,0.0,0.0,0.0,0.0
2D2L_1_D-C-A-B,0.0,0.0,0.0,0.0
2D6F_1_E,0.0,0.0,0.0,0.0
2D6F_1_F,0.0,0.0,0.0,0.0
2DER_1_C,1.0,1.0,1.0,1.0
2DER_1_D,0.0,0.0,0.0,0.0
2DET_1_C,1.0,1.0,1.0,1.0
2DEU_1_C,1.0,1.0,1.0,1.0
2DEU_1_D,1.0,1.0,1.0,1.0
2DLC_1_Y,0.0,0.0,0.0,0.0
2DU3_1_D,0.0,0.0,0.0,0.0
2DU4_1_C,0.0,0.0,0.0,0.0
2DU5_1_D,0.0,0.0,0.0,0.0
2DU6_1_D,0.0,0.0,0.0,0.0
2DXI_1_C,0.0,0.0,0.0,0.0
2DXI_1_D,0.0,0.0,0.0,0.0
2EES_1_A,1.0,1.0,1.0,1.0
2EET_1_A,1.0,1.0,1.0,1.0
2EEU_1_A,1.0,1.0,1.0,1.0
2EEV_1_A,1.0,1.0,1.0,1.0
2EEW_1_A,1.0,1.0,1.0,1.0
2F4X_1_A-B,1.0,1.0,1.0,1.0
2FCX_1_A-B,1.0,1.0,1.0,1.0
2FCY_1_A-B,1.0,1.0,1.0,1.0
2FCZ_1_A-B,1.0,1.0,1.0,1.0
2FCZ_1_C-D,1.0,1.0,1.0,1.0
2FD0_1_A-B,1.0,1.0,1.0,1.0
2FGP_1_D-C-A-B,0.0,0.0,0.0,0.0
2FK6_1_R,0.0,0.0,0.0,0.0
2FMT_1_C,0.0,0.0,0.0,0.0
2FMT_1_D,0.0,0.0,0.0,0.0
2G1W_1_A,1.0,1.0,1.0,1.0
2G9C_1_A,1.0,1.0,1.0,1.0
2GCS_1_B,0.375,0.375,0.375,0.375
2GCV_1_B,0.375,0.375,0.375,0.375
2GIS_1_A,1.0,1.0,1.0,1.0
2H0S_1_B,0.375,0.375,0.375,0.375
2H0W_1_B,0.375,0.375,0.375,0.375
2H0X_1_B,0.375,0.375,0.375,0.375
2HO6_1_B,0.375,0.375,0.375,0.375
2HO7_1_B,0.375,0.375,0.375,0.375
2IL9_1_M,1.0,1.0,1.0,1.0
2IY5_1_T,0.0,0.0,0.0,0.0
2K4C_1_A,1.0,1.0,1.0,1.0
2K95_6_A,1.0,1.0,1.0,1.0
2K96_1_A,1.0,1.0,1.0,1.0
2KRL_10_A,1.0,1.0,1.0,1.0
2L1V_1_A,1.0,1.0,1.0,1.0
2LC8_1_A,0.286,1.0,0.444,0.535
2M58_2_A,0.667,1.0,0.8,0.816
2M8K_5_A,1.0,1.0,1.0,1.0
2MIY_5_A,1.0,1.0,1.0,1.0
2MS0_8_B,0.0,0.0,0.0,0.0
2MS1_1_B,0.0,0.0,0.0,0.0
2N8V_1_X,1.0,1.0,1.0,1.0
2NOQ_1_A,0.067,0.071,0.069,0.069
2NOQ_1_B,0.0,0.0,0.0,0.0
2NOQ_1_E,0.0,0.0,0.0,0.0
2NPY_1_D-C-A-B,0.0,0.0,0.0,0.0
2NPZ_1_D-C-A-B,0.0,0.0,0.0,0.0
2NR0_1_E,0.0,0.0,0.0,0.0
2NR0_1_F,0.0,0.0,0.0,0.0
2NR0_1_G,0.0,0.0,0.0,0.0
2NR0_1_H,0.0,0.0,0.0,0.0
2NZ4_1_P,0.556,0.556,0.556,0.556
2NZ4_1_Q,0.556,0.556,0.556,0.556
2NZ4_1_R,0.556,0.556,0.556,0.556
2NZ4_1_S,0.556,0.556,0.556,0.556
2OIH_1_B,0.0,0.0,0.0,0.0
2OJ3_1_B,0.0,0.0,0.0,0.0
2OM7_1_M,0.0,0.0,0.0,0.0
2OUE_1_D-C-A-B,0.0,0.0,0.0,0.0
2P7D_1_D-C-P,0.0,0.0,0.0,0.0
2P7E_1_D-C-P,0.0,0.0,0.0,0.0
2P7F_1_D-C-A-B,0.0,0.0,0.0,0.0
2PN9_1_A-B,0.0,0.0,0.0,0.0
2QBZ_1_X,0.0,0.0,0.0,0.0
2QUS_1_A,0.0,0.0,0.0,0.0
2QUS_1_B,0.0,0.0,0.0,0.0
2QUW_1_B,0.0,0.0,0.0,0.0
2QUW_1_D,0.0,0.0,0.0,0.0
2QWY_1_A,1.0,1.0,1.0,1.0
2QWY_1_B,1.0,1.0,1.0,1.0
2QWY_1_C,1.0,1.0,1.0,1.0
2RD2_1_B,0.0,0.0,0.0,0.0
2RE8_1_B,0.0,0.0,0.0,0.0
2RFK_1_E-D-F,1.0,1.0,1.0,1.0
2RKJ_1_C,1.0,1.0,1.0,1.0
2RKJ_1_G,1.0,1.0,1.0,1.0
2RKJ_1_K,1.0,1.0,1.0,1.0
2RKJ_1_O,1.0,1.0,1.0,1.0
2RP0_4_A,1.0,1.0,1.0,1.0
2RP1_1_A,1.0,1.0,1.0,1.0
2TPK_1_A,1.0,1.0,1.0,1.0
2TRA_1_A,0.0,0.0,0.0,0.0
2V0G_1_B,0.0,0.0,0.0,0.0
2V0G_1_F,0.0,0.0,0.0,0.0
2XD0_1_G,1.0,1.0,1.0,1.0
2XD0_1_H,1.0,1.0,1.0,1.0
2XD0_1_I,1.0,1.0,1.0,1.0
2XD0_1_U,1.0,1.0,1.0,1.0
2XD0_1_V,1.0,1.0,1.0,1.0
2XD0_1_W,1.0,1.0,1.0,1.0
2XDB_1_G,1.0,1.0,1.0,1.0
2XDD_1_F,1.0,1.0,1.0,1.0
2XDD_1_G,1.0,1.0,1.0,1.0
2XDD_1_H,1.0,1.0,1.0,1.0
2XNW_1_A,1.0,1.0,1.0,1.0
2XNZ_1_A,1.0,1.0,1.0,1.0
2XO1_1_A,1.0,1.0,1.0,1.0
2YDH_1_A,1.0,1.0,1.0,1.0
2YGH_1_A,1.0,1.0,1.0,1.0
2YIE_1_X-Z,0.0,0.0,0.0,0.0
2YIF_1_Z-X,0.0,0.0,0.0,0.0
2Z74_1_B,0.375,0.375,0.375,0.375
2Z75_1_B,0.375,0.375,0.375,0.375
2ZM5_1_C,0.0,0.0,0.0,0.0
2ZM5_1_D,0.0,0.0,0.0,0.0
2ZNI_1_D,0.0,0.0,0.0,0.0
2ZUE_1_B,0.0,0.0,0.0,0.0
2ZUF_1_B,0.0,0.0,0.0,0.0
2ZXU_1_C,0.0,0.0,0.0,0.0
2ZXU_1_D,0.0,0.0,0.0,0.0
2ZZM_1_B,0.0,0.0,0.0,0.0
2ZZN_1_C,0.0,0.0,0.0,0.0
2ZZN_1_D,0.0,0.0,0.0,0.0
3A2K_1_C,0.0,0.0,0.0,0.0
3A2K_1_D,0.0,0.0,0.0,0.0
3A3A_1_A,0.0,0.0,0.0,0.0
3ADB_1_C,0.0,0.0,0.0,0.0
3ADB_1_D,0.0,0.0,0.0,0.0
3ADC_1_C,0.0,0.0,0.0,0.0
3ADC_1_D,0.0,0.0,0.0,0.0
3ADD_1_C,0.0,0.0,0.0,0.0
3ADD_1_D,0.0,0.0,0.0,0.0
3AKZ_1_F,0.0,0.0,0.0,0.0
3AKZ_1_H,0.0,0.0,0.0,0.0
3AL0_1_E,0.0,0.0,0.0,0.0
3AM1_1_B,0.0,0.0,0.0,0.0
3AMT_1_B,0.0,0.0,0.0,0.0
3AMU_1_B,0.0,0.0,0.0,0.0
3B0V_1_A,0.0,0.0,0.0,0.0
3B0V_1_B,0.0,0.0,0.0,0.0
3B4B_1_B,0.125,0.167,0.143,0.144
3B4C_1_B,0.143,0.2,0.167,0.169
3B58_1_B-C-A,0.0,0.0,0.0,0.0
3B5F_1_B-C-A,0.0,0.0,0.0,0.0
3B5S_1_B-C-A,0.0,0.0,0.0,0.0
3B91_1_B-C-A,0.0,0.0,0.0,0.0
3BBI_1_B-C-A,0.0,0.0,0.0,0.0
3BBK_1_B-C-A,0.0,0.0,0.0,0.0
3BBM_1_B-C-A,0.0,0.0,0.0,0.0
3BO2_1_B,0.833,0.833,0.833,0.833
3BO3_1_B,0.833,0.833,0.833,0.833
3BWP_1_A,0.333,0.429,0.375,0.378
3CW5_1_A,0.0,0.0,0.0,0.0
3CW6_1_A,0.0,0.0,0.0,0.0
3D0U_1_A,1.0,1.0,1.0,1.0
3D0X_1_A,1.0,1.0,1.0,1.0
3DEG_1_A,0.0,0.0,0.0,0.0
3DEG_1_B,0.0,0.0,0.0,0.0
3DHS_1_A,0.857,0.857,0.857,0.857
3DIG_1_X,1.0,1.0,1.0,1.0
3DIL_1_A,1.0,1.0,1.0,1.0
3DIM_1_A,1.0,1.0,1.0,1.0
3DIO_1_X,1.0,1.0,1.0,1.0
3DIQ_1_A,1.0,1.0,1.0,1.0
3DIR_1_A,1.0,1.0,1.0,1.0
3DIS_1_A,1.0,1.0,1.0,1.0
3DIX_1_A,1.0,1.0,1.0,1.0
3DIY_1_A,1.0,1.0,1.0,1.0
3DIZ_1_A,1.0,1.0,1.0,1.0
3DJ0_1_A,1.0,1.0,1.0,1.0
3DJ2_1_A,1.0,1.0,1.0,1.0
3DKN_1_D-E,0.0,0.0,0.0,0.0
3DS7_1_A,0.667,1.0,0.8,0.816
3DS7_1_B,0.667,1.0,0.8,0.816
3EOG_1_A,0.714,0.833,0.769,0.772
3EOH_1_A,0.0,0.0,0.0,0.0
3EPH_1_E,0.0,0.0,0.0,0.0
3EPJ_1_E,0.0,0.0,0.0,0.0
3EPK_1_E,0.0,0.0,0.0,0.0
3EPK_1_F,0.0,0.0,0.0,0.0
3EPL_1_F,0.0,0.0,0.0,0.0
3F2Q_1_X,0.0,0.0,0.0,0.0
3F2T_1_X,0.0,0.0,0.0,0.0
3F2W_1_X,0.0,0.0,0.0,0.0
3F2X_1_X,0.0,0.0,0.0,0.0
3F2Y_1_X,0.0,0.0,0.0,0.0
3F30_1_X,0.0,0.0,0.0,0.0
3F4E_1_Y-X,0.0,0.0,0.0,0.0
3F4G_1_X-Y,0.0,0.0,0.0,0.0
3F4H_1_Y-X,0.0,0.0,0.0,0.0
3FO4_1_A,0.667,1.0,0.8,0.816
3FO6_1_A,1.0,1.0,1.0,1.0
3FOZ_1_C,0.0,0.0,0.0,0.0
3FOZ_1_D,0.0,0.0,0.0,0.0
3FU2_1_A,1.0,1.0,1.0,1.0
3FU2_1_B,1.0,1.0,1.0,1.0
3FU2_1_C,1.0,1.0,1.0,1.0
3G4M_1_A,1.0,1.0,1.0,1.0
3G78_1_A,0.778,0.875,0.824,0.825
3G8S_1_P,0.2,0.2,0.2,0.2
3G8S_1_Q,0.333,0.333,0.333,0.333
3G8S_1_R,0.333,0.333,0.333,0.333
3G8S_1_S,0.5,0.5,0.5,0.5
3G8T_1_P,0.5,0.8,0.615,0.632
3G8T_1_Q,0.0,0.0,0.0,0.0
3G8T_1_R,0.429,0.75,0.545,0.567
3G8T_1_S,0.556,0.833,0.667,0.68
3G96_1_P,0.333,0.333,0.333,0.333
3G96_1_Q,0.5,0.5,0.5,0.5
3G96_1_R,0.5,0.5,0.5,0.5
3G96_1_S,0.5,0.5,0.5,0.5
3G9C_1_P,0.0,0.0,0.0,0.0
3G9C_1_Q,0.556,0.556,0.556,0.556
3G9C_1_R,0.5,0.5,0.5,0.5
3G9C_1_S,0.0,0.0,0.0,0.0
3GAO_1_A,1.0,1.0,1.0,1.0
3GCA_1_A,1.0,1.0,1.0,1.0
3GER_1_A,1.0,1.0,1.0,1.0
3GES_1_A,1.0,1.0,1.0,1.0
3GOG_1_A,1.0,1.0,1.0,1.0
3GOT_1_A,1.0,1.0,1.0,1.0
3GS1_1_D-C-A-B,0.0,0.0,0.0,0.0
3GS8_1_D-C-A-B,0.0,0.0,0.0,0.0
3GX2_1_A,1.0,1.0,1.0,1.0
3GX3_1_A,1.0,1.0,1.0,1.0
3GX5_1_A,1.0,1.0,1.0,1.0
3GX6_1_A,1.0,1.0,1.0,1.0
3GX7_1_A,1.0,1.0,1.0,1.0
3HHN_1_C,0.909,0.909,0.909,0.909
3HHN_1_E,0.909,0.909,0.909,0.909
3HJY_1_D-C-E,0.0,0.0,0.0,0.0
3HL2_1_E,0.0,0.0,0.0,0.0
3ICQ_1_E,0.0,0.0,0.0,0.0
3IGI_1_A,0.778,0.875,0.824,0.825
3IQN_1_A,1.0,1.0,1.0,1.0
3IQP_1_A,1.0,1.0,1.0,1.0
3IQR_1_A,1.0,1.0,1.0,1.0
3IRW_1_R,0.0,0.0,0.0,0.0
3IVK_1_C,0.0,0.0,0.0,0.0
3IVK_1_M,0.0,0.0,0.0,0.0
3IVN_1_A,0.0,0.0,0.0,0.0
3IVN_1_B,0.0,0.0,0.0,0.0
3IWN_1_A,0.0,0.0,0.0,0.0
3IYQ_1_A,0.944,0.944,0.944,0.944
3IYR_1_A,0.941,0.941,0.941,0.941
3IZ4_1_A,0.952,1.0,0.976,0.976
3J0L_1_a,0.0,0.0,0.0,0.0
3J0L_1_V,0.0,0.0,0.0,0.0
3J0O_1_a,0.0,0.0,0.0,0.0
3J0O_1_V,0.0,0.0,0.0,0.0
3J0P_1_a,0.0,0.0,0.0,0.0
3J0P_1_W,0.0,0.0,0.0,0.0
3J0Q_1_a,0.0,0.0,0.0,0.0
3J0Q_1_W,0.0,0.0,0.0,0.0
3J0Q_1_Y,0.0,0.0,0.0,0.0
3J16_1_J,0.0,0.0,0.0,0.0
3J45_1_1,0.0,0.0,0.0,0.0
3J45_1_5,0.0,0.0,0.0,0.0
3J46_1_1,0.0,0.0,0.0,0.0
3J46_1_4,1.0,1.0,1.0,1.0
3J5S_1_A,0.0,0.0,0.0,0.0
3J5S_1_E,0.0,0.0,0.0,0.0
3J5Y_1_D,0.0,0.0,0.0,0.0
3J77_1_PT,0.0,0.0,0.0,0.0
3J78_1_ET,0.0,0.0,0.0,0.0
3J78_1_PT,0.0,0.0,0.0,0.0
3J7R_1_S5,0.0,0.0,0.0,0.0
3J7R_1_S6,0.0,0.0,0.0,0.0
3J92_1_2,0.0,0.0,0.0,0.0
3J9Y_1_v,0.0,0.0,0.0,0.0
3J9Z_1_S6,1.0,1.0,1.0,1.0
3J9Z_1_S7,0.0,0.0,0.0,0.0
3JAG_1_2,0.0,0.0,0.0,0.0
3JAG_1_3,0.0,0.0,0.0,0.0
3JAH_1_2,0.0,0.0,0.0,0.0
3JAH_1_3,0.0,0.0,0.0,0.0
3JAI_1_2,0.0,0.0,0.0,0.0
3JAI_1_3,0.0,0.0,0.0,0.0
3JAJ_1_4,0.0,0.0,0.0,0.0
3JAN_1_4,0.0,0.0,0.0,0.0
3JAQ_1_1,0.0,0.0,0.0,0.0
3JBN_1_7,0.0,0.0,0.0,0.0
3JBO_1_7,0.0,0.0,0.0,0.0
3JCD_1_8,0.0,0.0,0.0,0.0
3JCE_1_6,0.0,0.0,0.0,0.0
3JCE_1_8,0.0,0.0,0.0,0.0
3K1V_1_A,1.0,1.0,1.0,1.0
3KFU_1_K,0.0,0.0,0.0,0.0
3KFU_1_L,0.0,0.0,0.0,0.0
3KFU_1_M,0.0,0.0,0.0,0.0
3KFU_1_N,0.0,0.0,0.0,0.0
3L0U_1_A,0.0,0.0,0.0,0.0
3L3C_1_P,0.333,0.333,0.333,0.333
3L3C_1_Q,0.5,0.5,0.5,0.5
3L3C_1_R,0.5,0.5,0.5,0.5
3L3C_1_S,0.333,0.333,0.333,0.333
3LA5_1_A,1.0,1.0,1.0,1.0
3MUM_1_R,0.0,0.0,0.0,0.0
3MUR_1_R,0.0,0.0,0.0,0.0
3MUT_1_R,0.0,0.0,0.0,0.0
3MUV_1_R,0.0,0.0,0.0,0.0
3MXH_1_R,0.0,0.0,0.0,0.0
3NKB_1_B,0.0,0.0,0.0,0.0
3NPN_1_A,1.0,1.0,1.0,1.0
3NPQ_1_A,0.6,0.75,0.667,0.671
3NPQ_1_B,0.0,0.0,0.0,0.0
3NPQ_1_C,0.2,0.25,0.222,0.224
3P59_1_E-A-C-G-B-D-F-H,0.0,0.0,0.0,0.0
3PDR_1_A,0.0,0.0,0.0,0.0
3PDR_1_X,0.0,0.0,0.0,0.0
3PLA_1_G-H-I-J,0.0,0.0,0.0,0.0
3Q1Q_1_C,0.0,0.0,0.0,0.0
3Q1R_1_C,0.0,0.0,0.0,0.0
3Q3Z_1_A,0.714,0.833,0.769,0.772
3Q3Z_1_V,0.714,0.833,0.769,0.772
3Q50_1_A,1.0,1.0,1.0,1.0
3Q51_1_A,0.5,0.5,0.5,0.5
3R1H_1_C,0.0,0.0,0.0,0.0
3R1H_1_F,0.0,0.0,0.0,0.0
3R1L_1_C,0.0,0.0,0.0,0.0
3R1L_1_F,0.0,0.0,0.0,0.0
3RG5_1_A,0.0,0.0,0.0,0.0
3RG5_1_B,0.0,0.0,0.0,0.0
3RKF_1_A,0.0,0.0,0.0,0.0
3RKF_1_B,0.0,0.0,0.0,0.0
3RKF_1_C,0.0,0.0,0.0,0.0
3RKF_1_D,0.0,0.0,0.0,0.0
3SD3_1_A,0.6,1.0,0.75,0.775
3SKI_1_B,0.0,0.0,0.0,0.0
3SKL_1_A,0.0,0.0,0.0,0.0
3SKL_1_B,0.0,0.0,0.0,0.0
3SKR_1_A,0.0,0.0,0.0,0.0
3SKR_1_B,0.0,0.0,0.0,0.0
3SKT_1_A,0.0,0.0,0.0,0.0
3SKT_1_B,0.0,0.0,0.0,0.0
3SKW_1_A,0.0,0.0,0.0,0.0
3SKW_1_B,0.0,0.0,0.0,0.0
3SUH_1_X,1.0,1.0,1.0,1.0
3SUX_1_X,1.0,1.0,1.0,1.0
3SUY_1_X,1.0,1.0,1.0,1.0
3T1H_1_X-W,0.0,0.0,0.0,0.0
3T1Y_1_X-W,0.0,0.0,0.0,0.0
3T4B_1_A,1.0,1.0,1.0,1.0
3TUP_1_T,0.0,0.0,0.0,0.0
3U4M_1_B,0.0,0.0,0.0,0.0
3U56_1_B,0.0,0.0,0.0,0.0
3UCU_1_R,0.0,0.0,0.0,0.0
3UCZ_1_R,0.0,0.0,0.0,0.0
3UD3_1_R,0.0,0.0,0.0,0.0
3UD4_1_R,0.0,0.0,0.0,0.0
3UMY_1_B,0.0,0.0,0.0,0.0
3V11_1_D,0.0,0.0,0.0,0.0
3V7E_1_C,0.0,0.0,0.0,0.0
3V7E_1_D,0.0,0.0,0.0,0.0
3VRS_1_A,1.0,1.0,1.0,1.0
3W1K_1_F,0.0,0.0,0.0,0.0
3W1K_1_G,0.0,0.0,0.0,0.0
3W1K_1_H,0.0,0.0,0.0,0.0
3W1K_1_I,0.0,0.0,0.0,0.0
3W1K_1_J,0.0,0.0,0.0,0.0
3W3S_1_B,0.0,0.0,0.0,0.0
3WC2_1_P,0.0,0.0,0.0,0.0
3WC2_1_Q,0.0,0.0,0.0,0.0
3WFQ_1_A,0.0,0.0,0.0,0.0
3WFQ_1_B,0.0,0.0,0.0,0.0
3WFQ_1_C,0.0,0.0,0.0,0.0
3WFQ_1_D,0.0,0.0,0.0,0.0
3WFR_1_A,0.0,0.0,0.0,0.0
3WFR_1_B,0.0,0.0,0.0,0.0
3WFR_1_C,0.0,0.0,0.0,0.0
3WFR_1_D,0.0,0.0,0.0,0.0
3WFS_1_B,0.0,0.0,0.0,0.0
3WQY_1_C,0.0,0.0,0.0,0.0
3WQZ_1_C,0.0,0.0,0.0,0.0
3ZGZ_1_B,0.0,0.0,0.0,0.0
3ZGZ_1_E,0.0,0.0,0.0,0.0
3ZJT_1_B,0.0,0.0,0.0,0.0
3ZJU_1_B,0.0,0.0,0.0,0.0
3ZJV_1_B,0.0,0.0,0.0,0.0
437D_1_A,1.0,1.0,1.0,1.0
486D_1_C,0.0,0.0,0.0,0.0
4AOB_1_A,1.0,1.0,1.0,1.0
4AQ7_1_B,0.0,0.0,0.0,0.0
4AQ7_1_E,0.0,0.0,0.0,0.0
4ARC_1_B,0.0,0.0,0.0,0.0
4ARI_1_B,0.0,0.0,0.0,0.0
4AS1_1_B,0.0,0.0,0.0,0.0
4ATO_1_G,0.333,0.333,0.333,0.333
4B3M_1_Z-W,0.0,0.0,0.0,0.0
4B3R_1_Z-W,0.0,0.0,0.0,0.0
4B3S_1_Z-W,1.0,1.0,1.0,1.0
4B3T_1_Z-W,0.0,0.0,0.0,0.0
4B5R_1_A,1.0,1.0,1.0,1.0
4CQN_1_B,0.0,0.0,0.0,0.0
4CQN_1_E,0.0,0.0,0.0,0.0
4CXG_1_Y,0.0,0.0,0.0,0.0
4CXH_1_Y,0.0,0.0,0.0,0.0
4D5N_1_X,0.0,0.0,0.0,0.0
4D61_1_j,0.0,0.0,0.0,0.0
4DR4_1_W-V,1.0,1.0,1.0,1.0
4DR5_1_W-V,0.0,0.0,0.0,0.0
4DS6_1_A,0.667,0.75,0.706,0.707
4E8K_1_A,0.625,0.833,0.714,0.722
4E8M_1_A,0.778,0.875,0.824,0.825
4E8N_1_A,0.778,0.875,0.824,0.825
4E8P_1_A,0.875,0.875,0.875,0.875
4E8Q_1_A,0.778,0.875,0.824,0.825
4E8R_1_A,0.778,0.875,0.824,0.825
4E8T_1_A,0.667,0.857,0.75,0.756
4E8V_1_A,0.778,0.875,0.824,0.825
4EN5_1_A,1.0,1.0,1.0,1.0
4ENA_1_A,0.25,1.0,0.4,0.5
4ENB_1_A,0.25,1.0,0.4,0.5
4ENC_1_A,1.0,1.0,1.0,1.0
4ERJ_1_A,1.0,1.0,1.0,1.0
4ERL_1_A,1.0,1.0,1.0,1.0
4FAQ_1_A,0.667,0.75,0.706,0.707
4FAR_1_A,0.778,0.875,0.824,0.825
4FAU_1_A,0.778,0.778,0.778,0.778
4FAX_1_A,0.75,0.857,0.8,0.802
4FB0_1_A,0.778,0.875,0.824,0.825
4FE5_1_B,1.0,1.0,1.0,1.0
4FEJ_1_B,1.0,1.0,1.0,1.0
4FEL_1_B,1.0,1.0,1.0,1.0
4FEN_1_B,1.0,1.0,1.0,1.0
4FEO_1_B,1.0,1.0,1.0,1.0
4FEP_1_B,1.0,1.0,1.0,1.0
4FRG_1_B,0.333,0.5,0.4,0.408
4FRG_1_X,0.333,0.5,0.4,0.408
4FRN_1_A,0.8,0.8,0.8,0.8
4FRN_1_B,0.8,0.8,0.8,0.8
4G6P_1_B-C-A,0.0,0.0,0.0,0.0
4G6R_1_D-C-A-B,0.0,0.0,0.0,0.0
4G6S_1_B-C-A,0.0,0.0,0.0,0.0
4GCW_1_B,0.0,0.0,0.0,0.0
4GMA_1_Z,0.0,0.0,0.0,0.0
4GXY_1_A,0.0,0.0,0.0,0.0
4JF2_1_A,1.0,1.0,1.0,1.0
4JRC_1_A,0.0,0.0,0.0,0.0
4JRC_1_B,0.0,0.0,0.0,0.0
4JXX_1_B,0.0,0.0,0.0,0.0
4JXZ_1_B,0.0,0.0,0.0,0.0
4JYZ_1_B,0.0,0.0,0.0,0.0
4K0K_1_Y-X,0.0,0.0,0.0,0.0
4KQY_1_A,1.0,1.0,1.0,1.0
4KR2_1_C,0.0,0.0,0.0,0.0
4KZZ_1_j,0.0,0.0,0.0,0.0
4L47_1_QV,0.0,0.0,0.0,0.0
4L47_1_XV,0.0,0.0,0.0,0.0
4L71_1_QV,0.0,0.0,0.0,0.0
4L71_1_XV,0.0,0.0,0.0,0.0
4L81_1_A,1.0,1.0,1.0,1.0
4LCK_1_B,0.0,0.0,0.0,0.0
4LCK_1_C,0.0,0.0,0.0,0.0
4LCK_1_E,0.0,0.0,0.0,0.0
4LCK_1_F,0.0,0.0,0.0,0.0
4LEL_1_QV,0.0,0.0,0.0,0.0
4LEL_1_XV,0.0,0.0,0.0,0.0
4LFZ_1_QV,0.0,0.0,0.0,0.0
4LFZ_1_XV,0.0,0.0,0.0,0.0
4LNT_1_QV,0.0,0.0,0.0,0.0
4LNT_1_XV,0.0,0.0,0.0,0.0
4LSK_1_QV,0.0,0.0,0.0,0.0
4LSK_1_XV,0.0,0.0,0.0,0.0
4LT8_1_QV,0.0,0.0,0.0,0.0
4LT8_1_XV,0.0,0.0,0.0,0.0
4LVV_1_A,1.0,1.0,1.0,1.0
4LVW_1_A,1.0,1.0,1.0,1.0
4LVX_1_A,1.0,1.0,1.0,1.0
4LVY_1_A,1.0,1.0,1.0,1.0
4LVZ_1_A,1.0,1.0,1.0,1.0
4LW0_1_A,1.0,1.0,1.0,1.0
4LX5_1_A,1.0,1.0,1.0,1.0
4LX6_1_A,1.0,1.0,1.0,1.0
4M4O_1_B,1.0,1.0,1.0,1.0
4M6D_1_B,1.0,1.0,1.0,1.0
4M6D_1_D,0.0,0.0,0.0,0.0
4M6D_1_F,1.0,1.0,1.0,1.0
4M6D_1_H,0.0,0.0,0.0,0.0
4M6D_1_J,1.0,1.0,1.0,1.0
4M6D_1_L,0.0,0.0,0.0,0.0
4MEG_1_B,0.571,0.571,0.571,0.571
4MEH_1_B,0.0,0.0,0.0,0.0
4MGM_1_A,0.0,0.0,0.0,0.0
4MGM_1_B,0.0,0.0,0.0,0.0
4MGN_1_A,0.0,0.0,0.0,0.0
4MGN_1_B,0.0,0.0,0.0,0.0
4MGN_1_C,0.0,0.0,0.0,0.0
4MGN_1_D,0.0,0.0,0.0,0.0
4OJI_1_A,0.0,0.0,0.0,0.0
4OQU_1_A,1.0,1.0,1.0,1.0
4P5J_1_A,0.0,0.0,0.0,0.0
4P6F_1_QV,0.0,0.0,0.0,0.0
4P6F_1_XV,0.0,0.0,0.0,0.0
4P70_1_QV,0.0,0.0,0.0,0.0
4P70_1_XV,0.0,0.0,0.0,0.0
4P8Z_1_A,0.75,0.857,0.8,0.802
4P95_1_A,0.25,0.4,0.308,0.316
4P9R_1_A,0.25,0.4,0.308,0.316
4PLX_1_A,0.0,0.0,0.0,0.0
4PLX_1_B,0.0,0.0,0.0,0.0
4PLX_1_C,0.0,0.0,0.0,0.0
4PQV_1_A,1.0,1.0,1.0,1.0
4PR6_1_B,0.5,0.667,0.571,0.577
4PRF_1_B,0.625,0.833,0.714,0.722
4QEI_1_C,0.0,0.0,0.0,0.0
4QG3_1_B,0.0,0.0,0.0,0.0
4QJD_1_B,0.0,0.0,0.0,0.0
4QJD_1_D,0.0,0.0,0.0,0.0
4QJD_1_F,0.0,0.0,0.0,0.0
4QJD_1_H,0.0,0.0,0.0,0.0
4QJH_1_B,0.0,0.0,0.0,0.0
4QJH_1_D,0.0,0.0,0.0,0.0
4QJH_1_F,0.0,0.0,0.0,0.0
4QK8_1_A,0.5,0.75,0.6,0.612
4QK9_1_A,1.0,1.0,1.0,1.0
4QKA_1_A,0.0,0.0,0.0,0.0
4QLM_1_A,1.0,1.0,1.0,1.0
4QLN_1_A,0.429,1.0,0.6,0.655
4QVI_1_B,0.0,0.0,0.0,0.0
4RDX_1_C,0.0,0.0,0.0,0.0
4RGE_1_A,0.0,0.0,0.0,0.0
4RGE_1_B,0.0,0.0,0.0,0.0
4RGE_1_C,0.0,0.0,0.0,0.0
4RGF_1_A,0.0,0.0,0.0,0.0
4RGF_1_B,0.0,0.0,0.0,0.0
4RGF_1_C,1.0,1.0,1.0,1.0
4RMO_1_B,0.0,0.0,0.0,0.0
4RMO_1_D,0.0,0.0,0.0,0.0
4RMO_1_F,0.0,0.0,0.0,0.0
4RMO_1_H,0.0,0.0,0.0,0.0
4RMO_1_J,0.0,0.0,0.0,0.0
4RMO_1_L,0.0,0.0,0.0,0.0
4RMO_1_N,0.0,0.0,0.0,0.0
4RMO_1_P,0.0,0.0,0.0,0.0
4RQE_1_B,0.0,0.0,0.0,0.0
4RQE_1_D,0.0,0.0,0.0,0.0
4RZD_1_A,1.0,1.0,1.0,1.0
4TNA_1_A,0.0,0.0,0.0,0.0
4TRA_1_A,0.0,0.0,0.0,0.0
4TUA_1_QV,0.0,0.0,0.0,0.0
4TUA_1_XV,0.0,0.0,0.0,0.0
4TUB_1_QV,0.0,0.0,0.0,0.0
4TUB_1_XV,0.0,0.0,0.0,0.0
4TUC_1_QV,0.0,0.0,0.0,0.0
4TUC_1_XV,0.0,0.0,0.0,0.0
4TUD_1_QV,0.0,0.0,0.0,0.0
4TUD_1_XV,0.0,0.0,0.0,0.0
4TUE_1_QV,0.0,0.0,0.0,0.0
4TUE_1_XV,0.0,0.0,0.0,0.0
4TZP_1_B,0.0,0.0,0.0,0.0
4TZP_1_C,0.0,0.0,0.0,0.0
4TZP_1_E,0.0,0.0,0.0,0.0
4TZP_1_F,0.0,0.0,0.0,0.0
4TZV_1_B,0.0,0.0,0.0,0.0
4TZV_1_C,0.0,0.0,0.0,0.0
4TZW_1_B,0.0,0.0,0.0,0.0
4TZW_1_C,0.0,0.0,0.0,0.0
4TZX_1_X,1.0,1.0,1.0,1.0
4TZY_1_X,1.0,1.0,1.0,1.0
4TZZ_1_B,0.0,0.0,0.0,0.0
4TZZ_1_C,0.0,0.0,0.0,0.0
4TZZ_1_E,0.0,0.0,0.0,0.0
4TZZ_1_F,0.0,0.0,0.0,0.0
4TZZ_1_H,0.0,0.0,0.0,0.0
4TZZ_1_I,0.0,0.0,0.0,0.0
4TZZ_1_K,0.0,0.0,0.0,0.0
4TZZ_1_L,0.0,0.0,0.0,0.0
4UJC_1_AA,0.0,0.0,0.0,0.0
4UJC_1_AC,0.0,0.0,0.0,0.0
4UJD_1_BA,0.0,0.0,0.0,0.0
4UJE_1_AV,0.0,0.0,0.0,0.0
4UYK_1_R,0.0,0.0,0.0,0.0
4V2S_1_Q,0.0,0.0,0.0,0.0
4V42_1_AB,0.0,0.0,0.0,0.0
4V42_1_AC,0.0,0.0,0.0,0.0
4V42_1_AD,0.0,0.0,0.0,0.0
4V49_1_AV,1.0,1.0,1.0,1.0
4V49_1_AW,1.0,1.0,1.0,1.0
4V4I_1_0,0.0,0.0,0.0,0.0
4V4I_1_z,0.0,0.0,0.0,0.0
4V4J_1_2,0.0,0.0,0.0,0.0
4V4J_1_z,1.0,1.0,1.0,1.0
4V4P_1_BC,1.0,1.0,1.0,1.0
4V4R_1_AW,0.0,0.0,0.0,0.0
4V4S_1_AW,0.0,0.0,0.0,0.0
4V4T_1_AW,0.0,0.0,0.0,0.0
4V4V_1_AU,1.0,1.0,1.0,1.0
4V4V_1_AV,1.0,1.0,1.0,1.0
4V4V_1_AW,1.0,1.0,1.0,1.0
4V4W_1_AU,1.0,1.0,1.0,1.0
4V4W_1_AV,1.0,1.0,1.0,1.0
4V4W_1_AW,1.0,1.0,1.0,1.0
4V4X_1_AC,0.0,0.0,0.0,0.0
4V4Y_1_AC,0.0,0.0,0.0,0.0
4V4Y_1_AD,0.0,0.0,0.0,0.0
4V4Z_1_AC,0.0,0.0,0.0,0.0
4V51_1_AV,0.0,0.0,0.0,0.0
4V51_1_CV,0.0,0.0,0.0,0.0
4V5A_1_AV-AX,0.0,0.0,0.0,0.0
4V5A_1_AW,0.0,0.0,0.0,0.0
4V5A_1_CV-CX,0.0,0.0,0.0,0.0
4V5C_1_AV,0.0,0.0,0.0,0.0
4V5C_1_AW,0.0,0.0,0.0,0.0
4V5C_1_CV,0.0,0.0,0.0,0.0
4V5D_1_AV,0.0,0.0,0.0,0.0
4V5D_1_CV,0.0,0.0,0.0,0.0
4V5E_1_CV,0.0,0.0,0.0,0.0
4V5F_1_AV,0.0,0.0,0.0,0.0
4V5F_1_AW,0.0,0.0,0.0,0.0
4V5F_1_CV,0.0,0.0,0.0,0.0
4V5F_1_CW,0.0,0.0,0.0,0.0
4V5G_1_AW,0.0,0.0,0.0,0.0
4V5G_1_AY,0.0,0.0,0.0,0.0
4V5G_1_CW,0.0,0.0,0.0,0.0
4V5G_1_CY,0.0,0.0,0.0,0.0
4V5H_1_AV,0.0,0.0,0.0,0.0
4V5J_1_AV,0.0,0.0,0.0,0.0
4V5J_1_CV,0.0,0.0,0.0,0.0
4V5K_1_CV,0.0,0.0,0.0,0.0
4V5M_1_AV,0.0,0.0,0.0,0.0
4V5N_1_AV,0.0,0.0,0.0,0.0
4V5P_1_AV,0.0,0.0,0.0,0.0
4V5P_1_CV,0.0,0.0,0.0,0.0
4V5Q_1_AV,0.0,0.0,0.0,0.0
4V5Q_1_AW,0.0,0.0,0.0,0.0
4V5Q_1_CW,0.0,0.0,0.0,0.0
4V5R_1_AV,0.0,0.0,0.0,0.0
4V5R_1_CV,0.0,0.0,0.0,0.0
4V5S_1_AV,0.0,0.0,0.0,0.0
4V63_1_AY,0.0,0.0,0.0,0.0
4V63_1_AZ,0.0,0.0,0.0,0.0
4V63_1_CY,0.0,0.0,0.0,0.0
4V63_1_CZ,0.0,0.0,0.0,0.0
4V65_1_AA,1.0,1.0,1.0,1.0
4V65_1_AE,1.0,1.0,1.0,1.0
4V66_1_AA,1.0,1.0,1.0,1.0
4V66_1_AE,1.0,1.0,1.0,1.0
4V67_1_AY,0.0,0.0,0.0,0.0
4V67_1_AZ,0.0,0.0,0.0,0.0
4V67_1_CY,0.0,0.0,0.0,0.0
4V67_1_CZ,0.0,0.0,0.0,0.0
4V68_1_AV,0.0,0.0,0.0,0.0
4V68_1_AY,0.0,0.0,0.0,0.0
4V69_1_AV,0.0,0.0,0.0,0.0
4V69_1_AY,1.0,1.0,1.0,1.0
4V6A_1_AW,0.0,0.0,0.0,0.0
4V6A_1_CW,0.0,0.0,0.0,0.0
4V6F_1_BC,0.0,0.0,0.0,0.0
4V6F_1_CC,0.0,0.0,0.0,0.0
4V6G_1_CB,0.0,0.0,0.0,0.0
4V6G_1_CC,0.0,0.0,0.0,0.0
4V6G_1_CD,0.0,0.0,0.0,0.0
4V6K_1_BB,0.0,0.0,0.0,0.0
4V6L_1_AB,0.0,0.0,0.0,0.0
4V6N_1_BD,0.0,0.0,0.0,0.0
4V6O_1_AD,0.0,0.0,0.0,0.0
4V6R_1_AD,0.0,0.0,0.0,0.0
4V6S_1_BC,0.0,0.0,0.0,0.0
4V6T_1_AX,0.0,0.0,0.0,0.0
4V6U_1_A0,0.0,0.0,0.0,0.0
4V6V_1_A3,0.0,0.0,0.0,0.0
4V6W_1_BC,0.0,0.0,0.0,0.0
4V6X_1_BC,0.0,0.0,0.0,0.0
4V6Y_1_A3,0.0,0.0,0.0,0.0
4V6Z_1_A3,0.0,0.0,0.0,0.0
4V70_1_A1,0.0,0.0,0.0,0.0
4V70_1_A3,0.0,0.0,0.0,0.0
4V71_1_A3,0.0,0.0,0.0,0.0
4V72_1_A3,0.0,0.0,0.0,0.0
4V73_1_A1,0.0,0.0,0.0,0.0
4V73_1_A3,0.0,0.0,0.0,0.0
4V74_1_A1,0.0,0.0,0.0,0.0
4V75_1_A1,0.0,0.0,0.0,0.0
4V75_1_A3,0.0,0.0,0.0,0.0
4V76_1_A1,0.0,0.0,0.0,0.0
4V76_1_A3,0.0,0.0,0.0,0.0
4V77_1_A3,0.0,0.0,0.0,0.0
4V78_1_A1,0.0,0.0,0.0,0.0
4V78_1_A3,0.0,0.0,0.0,0.0
4V79_1_A1,0.0,0.0,0.0,0.0
4V79_1_A3,0.0,0.0,0.0,0.0
4V7A_1_A1,0.0,0.0,0.0,0.0
4V7B_1_AV,0.0,0.0,0.0,0.0
4V7C_1_AW,0.0,0.0,0.0,0.0
4V7H_1_A7,0.0,0.0,0.0,0.0
4V7J_1_Av,0.0,0.0,0.0,0.0
4V7J_1_Bv,0.0,0.0,0.0,0.0
4V7J_1_Bw,0.0,0.0,0.0,0.0
4V7K_1_Av,0.0,0.0,0.0,0.0
4V7K_1_Bv,0.0,0.0,0.0,0.0
4V7K_1_Bw,0.0,0.0,0.0,0.0
4V7L_1_AX,0.0,0.0,0.0,0.0
4V7L_1_CW,0.0,0.0,0.0,0.0
4V7L_1_CX,0.0,0.0,0.0,0.0
4V7M_1_AW,0.0,0.0,0.0,0.0
4V7M_1_AX,1.0,1.0,1.0,1.0
4V7M_1_CW,0.0,0.0,0.0,0.0
4V7M_1_CX,0.0,0.0,0.0,0.0
4V7P_1_AW,0.0,0.0,0.0,0.0
4V7P_1_DW,0.0,0.0,0.0,0.0
4V83_1_AV,0.8,1.0,0.889,0.894
4V83_1_CV,0.8,1.0,0.889,0.894
4V84_1_AV,1.0,1.0,1.0,1.0
4V84_1_CV,1.0,1.0,1.0,1.0
4V87_1_BC,0.0,0.0,0.0,0.0
4V87_1_CC,0.0,0.0,0.0,0.0
4V8B_1_AC,0.0,0.0,0.0,0.0
4V8B_1_CC,0.0,0.0,0.0,0.0
4V8C_1_CC,0.0,0.0,0.0,0.0
4V8C_1_DC,0.0,0.0,0.0,0.0
4V8D_1_AB,0.0,0.0,0.0,0.0
4V8D_1_AC,0.0,0.0,0.0,0.0
4V8D_1_AD,0.0,0.0,0.0,0.0
4V8D_1_CC,0.0,0.0,0.0,0.0
4V8D_1_CD,0.0,0.0,0.0,0.0
4V8E_1_BB,0.0,0.0,0.0,0.0
4V8E_1_BC,0.0,0.0,0.0,0.0
4V8E_1_BD,0.0,0.0,0.0,0.0
4V8E_1_DB,0.0,0.0,0.0,0.0
4V8E_1_DC,0.0,0.0,0.0,0.0
4V8E_1_DD,0.0,0.0,0.0,0.0
4V8F_1_BC,0.0,0.0,0.0,0.0
4V8F_1_BD,0.0,0.0,0.0,0.0
4V8F_1_CC,0.0,0.0,0.0,0.0
4V8F_1_CD,0.0,0.0,0.0,0.0
4V8J_1_AV,0.0,0.0,0.0,0.0
4V8J_1_AW,0.0,0.0,0.0,0.0
4V8J_1_CV,0.0,0.0,0.0,0.0
4V8O_1_AV,0.0,0.0,0.0,0.0
4V8Q_1_BV,0.0,0.0,0.0,0.0
4V8Q_1_BY,0.0,0.0,0.0,0.0
4V8U_1_AV,0.0,0.0,0.0,0.0
4V8U_1_AW,0.0,0.0,0.0,0.0
4V8U_1_CV,0.0,0.0,0.0,0.0
4V8U_1_CW,0.0,0.0,0.0,0.0
4V8X_1_AV,0.0,0.0,0.0,0.0
4V8X_1_CV,0.0,0.0,0.0,0.0
4V8Y_1_CN,0.0,0.0,0.0,0.0
4V8Y_1_CW,0.0,0.0,0.0,0.0
4V90_1_AV,0.0,0.0,0.0,0.0
4V92_1_AZ,0.286,0.267,0.276,0.276
4V95_1_AV,0.0,0.0,0.0,0.0
4V95_1_CV,0.0,0.0,0.0,0.0
4V97_1_AV,0.0,0.0,0.0,0.0
4V9A_1_AC,0.0,0.0,0.0,0.0
4V9A_1_CC,0.0,0.0,0.0,0.0
4V9B_1_AD,0.0,0.0,0.0,0.0
4V9B_1_CC,0.0,0.0,0.0,0.0
4V9C_1_AV,0.0,0.0,0.0,0.0
4V9C_1_CV,0.0,0.0,0.0,0.0
4V9D_1_AV,0.0,0.0,0.0,0.0
4V9D_1_BV,0.0,0.0,0.0,0.0
4V9H_1_AV,0.0,0.0,0.0,0.0
4V9I_1_AV,0.0,0.0,0.0,0.0
4V9I_1_AW,0.0,0.0,0.0,0.0
4V9I_1_CV,0.0,0.0,0.0,0.0
4V9K_1_CW,0.0,0.0,0.0,0.0
4V9N_1_AW,0.0,0.0,0.0,0.0
4V9N_1_CW,0.0,0.0,0.0,0.0
4V9Q_1_BV,0.0,0.0,0.0,0.0
4V9Q_1_BW,0.0,0.0,0.0,0.0
4V9Q_1_DV,0.0,0.0,0.0,0.0
4V9Q_1_DW,0.0,0.0,0.0,0.0
4V9R_1_AX,0.0,0.0,0.0,0.0
4V9R_1_CX,0.0,0.0,0.0,0.0
4V9S_1_AX,0.0,0.0,0.0,0.0
4V9S_1_CX,0.0,0.0,0.0,0.0
4W2E_1_w,0.0,0.0,0.0,0.0
4W2E_1_x,0.0,0.0,0.0,0.0
4W2F_1_AW,0.0,0.0,0.0,0.0
4W2F_1_AX,0.0,0.0,0.0,0.0
4W2F_1_CW,0.0,0.0,0.0,0.0
4W2F_1_CX,0.0,0.0,0.0,0.0
4W2G_1_AW,0.0,0.0,0.0,0.0
4W2G_1_AX,0.0,0.0,0.0,0.0
4W2G_1_CW,0.0,0.0,0.0,0.0
4W2G_1_CX,0.0,0.0,0.0,0.0
4W2G_1_CY,0.0,0.0,0.0,0.0
4W2H_1_AX,0.0,0.0,0.0,0.0
4W2H_1_CX,0.0,0.0,0.0,0.0
4W2I_1_AX,0.0,0.0,0.0,0.0
4W2I_1_AY,0.0,0.0,0.0,0.0
4W2I_1_CW,0.0,0.0,0.0,0.0
4W2I_1_CX,0.0,0.0,0.0,0.0
4W4G_1_QV,0.0,0.0,0.0,0.0
4W4G_1_XV,0.0,0.0,0.0,0.0
4WC2_1_B,0.0,0.0,0.0,0.0
4WC3_1_B,0.0,0.0,0.0,0.0
4WC4_1_B,0.0,0.0,0.0,0.0
4WC5_1_B,0.0,0.0,0.0,0.0
4WC6_1_B,0.0,0.0,0.0,0.0
4WC7_1_B,0.0,0.0,0.0,0.0
4WFL_1_A,0.0,0.0,0.0,0.0
4WFM_1_A,0.0,0.0,0.0,0.0
4WFM_1_B,0.0,0.0,0.0,0.0
4WJ3_1_Q,1.0,1.0,1.0,1.0
4WJ3_1_R,1.0,1.0,1.0,1.0
4WJ3_1_S,1.0,1.0,1.0,1.0
4WJ3_1_T,1.0,1.0,1.0,1.0
4WJ4_1_B,1.0,1.0,1.0,1.0
4WOI_1_AX,0.0,0.0,0.0,0.0
4WOI_1_DW,0.0,0.0,0.0,0.0
4WPO_1_BX,0.0,0.0,0.0,0.0
4WPO_1_DW,0.0,0.0,0.0,0.0
4WPO_1_DX,0.0,0.0,0.0,0.0
4WQ1_1_1L,1.0,1.0,1.0,1.0
4WQ1_1_2K,0.0,0.0,0.0,0.0
4WQ1_1_2L,0.0,0.0,0.0,0.0
4WQ1_1_3L,1.0,1.0,1.0,1.0
4WQF_1_BW,0.0,0.0,0.0,0.0
4WQF_1_DW,0.0,0.0,0.0,0.0
4WQR_1_2K,0.0,0.0,0.0,0.0
4WQR_1_2L,0.0,0.0,0.0,0.0
4WQU_1_BW,0.0,0.0,0.0,0.0
4WQU_1_DW,0.0,0.0,0.0,0.0
4WQY_1_BX,0.0,0.0,0.0,0.0
4WQY_1_DX,0.0,0.0,0.0,0.0
4WR6_1_1K,0.0,0.0,0.0,0.0
4WR6_1_1L,0.0,0.0,0.0,0.0
4WR6_1_2K,0.0,0.0,0.0,0.0
4WR6_1_2L,0.0,0.0,0.0,0.0
4WR6_1_3K,0.0,0.0,0.0,0.0
4WR6_1_3L,0.0,0.0,0.0,0.0
4WRA_1_2K,0.0,0.0,0.0,0.0
4WRA_1_2L,0.0,0.0,0.0,0.0
4WRA_1_3K,0.0,0.0,0.0,0.0
4WRA_1_3L,0.0,0.0,0.0,0.0
4WRO_1_2K,0.0,0.0,0.0,0.0
4WRO_1_2L,0.0,0.0,0.0,0.0
4WSD_1_2K,0.0,0.0,0.0,0.0
4WSD_1_2L,0.0,0.0,0.0,0.0
4WSM_1_1K,0.0,0.0,0.0,0.0
4WSM_1_3K,0.0,0.0,0.0,0.0
4WT1_1_2K,0.0,0.0,0.0,0.0
4WT1_1_2L,0.0,0.0,0.0,0.0
4WT8_1_C4,0.0,0.0,0.0,0.0
4WT8_1_D3,0.0,0.0,0.0,0.0
4WT8_1_D4,0.0,0.0,0.0,0.0
4WU1_1_2K,0.0,0.0,0.0,0.0
4WU1_1_2L,0.0,0.0,0.0,0.0
4WU1_1_3K,0.0,0.0,0.0,0.0
4WZO_1_2K,0.0,0.0,0.0,0.0
4WZO_1_2L,0.0,0.0,0.0,0.0
4X0A_1_B,0.0,0.0,0.0,0.0
4X62_1_b-a,0.0,0.0,0.0,0.0
4XEJ_1_AIRE,1.0,1.0,1.0,1.0
4XEJ_1_BIRE,1.0,1.0,1.0,1.0
4XNR_1_X,1.0,1.0,1.0,1.0
4Y1N_1_A,1.0,1.0,1.0,1.0
4Y1N_1_B,0.75,0.857,0.8,0.802
4Y1O_1_A,0.875,1.0,0.933,0.935
4Y1O_1_B,0.714,1.0,0.833,0.845
4Y4P_1_1w,0.0,0.0,0.0,0.0
4Y4P_1_1x,0.0,0.0,0.0,0.0
4Y4P_1_2w,0.0,0.0,0.0,0.0
4Y4P_1_2x,0.0,0.0,0.0,0.0
4Y4P_1_2y,0.0,0.0,0.0,0.0
4YAZ_1_A,0.0,0.0,0.0,0.0
4YAZ_1_R,0.0,0.0,0.0,0.0
4YB0_1_A,0.0,0.0,0.0,0.0
4YB0_1_R,0.0,0.0,0.0,0.0
4YB1_1_R,0.0,0.0,0.0,0.0
4YCO_1_D,1.0,1.0,1.0,1.0
4YCO_1_E,0.0,0.0,0.0,0.0
4YCO_1_F,0.0,0.0,0.0,0.0
4YCP_1_B,0.0,0.0,0.0,0.0
4YPB_1_QV,0.0,0.0,0.0,0.0
4YPB_1_XV,0.0,0.0,0.0,0.0
4YVI_1_C,0.0,0.0,0.0,0.0
4YVJ_1_C,0.0,0.0,0.0,0.0
4YVK_1_C,0.0,0.0,0.0,0.0
4YYE_1_C,0.0,0.0,0.0,0.0
4YYE_1_D,0.0,0.0,0.0,0.0
4YZV_1_QV,0.0,0.0,0.0,0.0
4YZV_1_XV,0.0,0.0,0.0,0.0
4Z3S_1_1w,0.0,0.0,0.0,0.0
4Z3S_1_1x,0.0,0.0,0.0,0.0
4Z3S_1_2w,0.0,0.0,0.0,0.0
4Z3S_1_2x,0.0,0.0,0.0,0.0
4Z3S_1_2y,0.0,0.0,0.0,0.0
4Z8C_1_1x,0.0,0.0,0.0,0.0
4Z8C_1_2x,0.0,0.0,0.0,0.0
4ZDO_1_E,0.0,0.0,0.0,0.0
4ZDP_1_E,0.0,0.0,0.0,0.0
4ZER_1_1x,0.0,0.0,0.0,0.0
4ZER_1_2x,0.0,0.0,0.0,0.0
4ZNP_1_A,0.0,0.0,0.0,0.0
4ZNP_1_B,0.0,0.0,0.0,0.0
4ZSN_1_QV,0.0,0.0,0.0,0.0
4ZSN_1_XV,0.0,0.0,0.0,0.0
5A2Q_1_3,0.0,0.0,0.0,0.0
5A8L_1_A,0.0,0.0,0.0,0.0
5AFI_1_v,0.0,0.0,0.0,0.0
5AFI_1_w,0.0,0.0,0.0,0.0
5AFI_1_y,0.0,0.0,0.0,0.0
5AH5_1_C,0.0,0.0,0.0,0.0
5AH5_1_D,0.0,0.0,0.0,0.0
5AOX_1_C,0.0,0.0,0.0,0.0
5AOX_1_F,0.0,0.0,0.0,0.0
5AXM_1_P,0.0,0.0,0.0,0.0
5AXN_1_P,0.0,0.0,0.0,0.0
5B63_1_B,0.0,0.0,0.0,0.0
5B63_1_D,0.0,0.0,0.0,0.0
5BTP_1_A,1.0,1.0,1.0,1.0
5BTP_1_B,1.0,1.0,1.0,1.0
5C45_1_X-Y,0.0,0.0,0.0,0.0
5C7U_1_B,1.0,1.0,1.0,1.0
5C7W_1_C,1.0,1.0,1.0,1.0
5CZP_1_QV,0.0,0.0,0.0,0.0
5CZP_1_XV,0.0,0.0,0.0,0.0
5D5L_1_A,1.0,1.0,1.0,1.0
5D5L_1_B,1.0,1.0,1.0,1.0
5D5L_1_C,1.0,1.0,1.0,1.0
5D5L_1_D,1.0,1.0,1.0,1.0
5D8B_1_BD,0.0,0.0,0.0,0.0
5D8B_1_ED,0.0,0.0,0.0,0.0
5D8B_1_FD,0.0,0.0,0.0,0.0
5D8B_1_XC,0.0,0.0,0.0,0.0
5DFE_1_QV,0.0,0.0,0.0,0.0
5DFE_1_XV,0.0,0.0,0.0,0.0
5DOY_1_1w,0.0,0.0,0.0,0.0
5DOY_1_1x,0.0,0.0,0.0,0.0
5DOY_1_2w,0.0,0.0,0.0,0.0
5DOY_1_2x,0.0,0.0,0.0,0.0
5DOY_1_2y,0.0,0.0,0.0,0.0
5DUN_1_A,0.0,0.0,0.0,0.0
5E54_1_A,0.0,0.0,0.0,0.0
5E54_1_B,0.5,0.5,0.5,0.5
5E6M_1_C,0.0,0.0,0.0,0.0
5E6M_1_E,0.0,0.0,0.0,0.0
5E7K_1_1K,0.0,0.0,0.0,0.0
5E7K_1_2K,0.0,0.0,0.0,0.0
5E7K_1_2L,0.0,0.0,0.0,0.0
5E81_1_1K,0.0,0.0,0.0,0.0
5E81_1_1L,0.0,0.0,0.0,0.0
5E81_1_2K,0.0,0.0,0.0,0.0
5E81_1_2L,0.0,0.0,0.0,0.0
5EL4_1_1L,0.0,0.0,0.0,0.0
5EL4_1_2K,0.0,0.0,0.0,0.0
5EL5_1_2K,0.0,0.0,0.0,0.0
5EL5_1_2L,0.0,0.0,0.0,0.0
5EL6_1_1K,0.0,0.0,0.0,0.0
5EL6_1_1L,0.0,0.0,0.0,0.0
5EL6_1_2K,0.0,0.0,0.0,0.0
5EL6_1_2L,0.0,0.0,0.0,0.0
5EL7_1_2K,0.0,0.0,0.0,0.0
5EL7_1_2L,0.0,0.0,0.0,0.0
5F8K_1_1x,0.0,0.0,0.0,0.0
5F8K_1_2x,0.0,0.0,0.0,0.0
5FJC_1_A,0.0,0.0,0.0,0.0
5FK1_1_A,1.0,1.0,1.0,1.0
5FK2_1_A,1.0,1.0,1.0,1.0
5FK3_1_A,1.0,1.0,1.0,1.0
5FK4_1_A,1.0,1.0,1.0,1.0
5FK5_1_A,1.0,1.0,1.0,1.0
5FK6_1_A,1.0,1.0,1.0,1.0
5FKD_1_A,1.0,1.0,1.0,1.0
5FKE_1_A,1.0,1.0,1.0,1.0
5FKF_1_A,1.0,1.0,1.0,1.0
5FKG_1_A,1.0,1.0,1.0,1.0
5FKH_1_A,1.0,1.0,1.0,1.0
5FL8_1_y,0.0,0.0,0.0,0.0
5FLX_1_z,0.0,0.0,0.0,0.0
5H5U_1_5,0.0,0.0,0.0,0.0
5HAU_1_1w,0.0,0.0,0.0,0.0
5HAU_1_2w,0.0,0.0,0.0,0.0
5HC9_1_C,0.0,0.0,0.0,0.0
5HC9_1_D,0.0,0.0,0.0,0.0
5HCP_1_1x,0.0,0.0,0.0,0.0
5HCP_1_2x,0.0,0.0,0.0,0.0
5HCQ_1_1x,0.0,0.0,0.0,0.0
5HCQ_1_2x,0.0,0.0,0.0,0.0
5HCR_1_1x,0.0,0.0,0.0,0.0
5HCR_1_2x,0.0,0.0,0.0,0.0
5HD1_1_1x,0.0,0.0,0.0,0.0
5HD1_1_2x,0.0,0.0,0.0,0.0
5HR6_1_C,0.0,0.0,0.0,0.0
5HR6_1_D,0.0,0.0,0.0,0.0
5HR7_1_C,0.0,0.0,0.0,0.0
5HR7_1_D,0.0,0.0,0.0,0.0
5IB7_1_1K,0.0,0.0,0.0,0.0
5IB7_1_1L,0.0,0.0,0.0,0.0
5IB7_1_2K,0.0,0.0,0.0,0.0
5IB7_1_2L,0.0,0.0,0.0,0.0
5IB8_1_1K,0.0,0.0,0.0,0.0
5IB8_1_1L,0.0,0.0,0.0,0.0
5IB8_1_2K,0.0,0.0,0.0,0.0
5IB8_1_2L,0.0,0.0,0.0,0.0
5IBB_1_2K,0.0,0.0,0.0,0.0
5IBB_1_2L,0.0,0.0,0.0,0.0
5IMQ_1_4,0.0,0.0,0.0,0.0
5IMR_1_4,0.0,0.0,0.0,0.0
5IQR_1_5,0.0,0.0,0.0,0.0
5IT9_1_i,0.0,0.0,0.0,0.0
5J01_1_A,0.667,0.857,0.75,0.756
5J02_1_A,0.667,0.857,0.75,0.756
5J30_1_QV,0.0,0.0,0.0,0.0
5J30_1_XV,0.0,0.0,0.0,0.0
5J3C_1_QV,0.0,0.0,0.0,0.0
5J3C_1_XV,0.0,0.0,0.0,0.0
5J4B_1_1w,0.0,0.0,0.0,0.0
5J4B_1_1x,0.0,0.0,0.0,0.0
5J4B_1_2w,0.0,0.0,0.0,0.0
5J4B_1_2x,0.0,0.0,0.0,0.0
5J4B_1_2y,0.0,0.0,0.0,0.0
5J4C_1_1w,0.0,0.0,0.0,0.0
5J4C_1_1x,0.0,0.0,0.0,0.0
5J4C_1_2w,0.0,0.0,0.0,0.0
5J4C_1_2x,0.0,0.0,0.0,0.0
5J8B_1_w,0.0,0.0,0.0,0.0
5J8B_1_x,0.0,0.0,0.0,0.0
5J8B_1_y,0.0,0.0,0.0,0.0
5JB3_1_4,0.0,0.0,0.0,0.0
5JBH_1_4,0.0,0.0,0.0,0.0
5JCS_1_y,0.0,0.0,0.0,0.0
5JTE_1_AW,0.0,0.0,0.0,0.0
5JUO_1_EC,0.308,0.364,0.333,0.334
5JUP_1_EC,0.357,0.417,0.385,0.386
5JUS_1_EC,0.308,0.364,0.333,0.334
5JUT_1_EC,0.308,0.364,0.333,0.334
5JUU_1_EC,0.4,0.571,0.471,0.478
5K7C_1_A,1.0,1.0,1.0,1.0
5K7D_1_A,1.0,1.0,1.0,1.0
5K7E_1_A,1.0,1.0,1.0,1.0
5KCR_1_1x,0.0,0.0,0.0,0.0
5KH8_2_A,1.0,1.0,1.0,1.0
5KMZ_4_A,1.0,1.0,1.0,1.0
5KPS_1_31,0.0,0.0,0.0,0.0
5KPV_1_31,0.0,0.0,0.0,0.0
5KPW_1_32,1.0,1.0,1.0,1.0
5KPX_1_31,0.0,0.0,0.0,0.0
5KPX_1_32,1.0,1.0,1.0,1.0
5KPY_1_A,1.0,1.0,1.0,1.0
5KTJ_1_A,0.2,0.2,0.2,0.2
5KTJ_1_C,0.2,0.2,0.2,0.2
5KX9_1_X-Y,0.0,0.0,0.0,0.0
5L3P_1_x,0.0,0.0,0.0,0.0
5L3P_1_y,0.0,0.0,0.0,0.0
5L4O_1_A,0.0,0.0,0.0,0.0
5LMQ_1_Z,0.0,0.0,0.0,0.0
5LMS_1_Z,0.0,0.0,0.0,0.0
5LMT_1_Z,0.0,0.0,0.0,0.0
5LMU_1_Z,0.0,0.0,0.0,0.0
5LMV_1_Z,0.0,0.0,0.0,0.0
5LWJ_1_A,0.0,0.0,0.0,0.0
5LZA_1_v,0.0,0.0,0.0,0.0
5LZB_1_v,0.0,0.0,0.0,0.0
5LZB_1_y,0.0,0.0,0.0,0.0
5LZC_1_v,0.0,0.0,0.0,0.0
5LZC_1_y,0.0,0.0,0.0,0.0
5LZD_1_v,0.0,0.0,0.0,0.0
5LZD_1_y,0.0,0.0,0.0,0.0
5LZF_1_v,0.0,0.0,0.0,0.0
5LZF_1_y,0.0,0.0,0.0,0.0
5LZS_1_2,0.0,0.0,0.0,0.0
5LZS_1_3,0.0,0.0,0.0,0.0
5LZT_1_2,0.0,0.0,0.0,0.0
5LZT_1_3,0.0,0.0,0.0,0.0
5LZU_1_2,0.0,0.0,0.0,0.0
5LZU_1_3,0.0,0.0,0.0,0.0
5LZV_1_2,0.0,0.0,0.0,0.0
5LZV_1_3,0.0,0.0,0.0,0.0
5LZW_1_2,0.0,0.0,0.0,0.0
5LZW_1_3,0.0,0.0,0.0,0.0
5LZX_1_2,0.0,0.0,0.0,0.0
5LZX_1_3,0.0,0.0,0.0,0.0
5LZY_1_2,0.0,0.0,0.0,0.0
5LZY_1_3,0.0,0.0,0.0,0.0
5LZZ_1_2,0.0,0.0,0.0,0.0
5LZZ_1_3,0.0,0.0,0.0,0.0
5M1J_1_A3,0.0,0.0,0.0,0.0
5MDV_1_5,0.0,0.0,0.0,0.0
5MDW_1_5,0.0,0.0,0.0,0.0
5MDY_1_5,0.0,0.0,0.0,0.0
5MDZ_1_5,0.0,0.0,0.0,0.0
5MGP_1_x,0.0,0.0,0.0,0.0
5ML7_1_A,0.0,0.0,0.0,0.0
5ML7_1_B,0.0,0.0,0.0,0.0
5MMM_1_z,0.0,0.0,0.0,0.0
5NDJ_1_W4,0.0,0.0,0.0,0.0
5NDJ_1_X1,0.0,0.0,0.0,0.0
5NDJ_1_X4,0.0,0.0,0.0,0.0
5NDK_1_X1,0.0,0.0,0.0,0.0
5NDK_1_X4,0.0,0.0,0.0,0.0
5NPM_1_B,0.0,0.0,0.0,0.0
5NWQ_1_A,1.0,1.0,1.0,1.0
5NWQ_1_B,1.0,1.0,1.0,1.0
5NWY_1_M,0.0,0.0,0.0,0.0
5NY8_1_A,1.0,1.0,1.0,1.0
5NY8_1_B,1.0,1.0,1.0,1.0
5NZ3_1_A,0.0,0.0,0.0,0.0
5NZ3_1_B,0.0,0.0,0.0,0.0
5NZ6_1_A,0.0,0.0,0.0,0.0
5NZD_1_A,0.0,0.0,0.0,0.0
5NZD_1_B,0.0,0.0,0.0,0.0
5O62_1_A,0.0,0.0,0.0,0.0
5O62_1_B,0.0,0.0,0.0,0.0
5O69_1_A,0.0,0.0,0.0,0.0
5O69_1_B,0.0,0.0,0.0,0.0
5OA3_1_1,0.0,0.0,0.0,0.0
5OMW_1_B,0.0,0.0,0.0,0.0
5OMW_1_E,0.0,0.0,0.0,0.0
5ON2_1_B,0.0,0.0,0.0,0.0
5ON2_1_E,0.0,0.0,0.0,0.0
5ON3_1_B,0.0,0.0,0.0,0.0
5ON3_1_E,0.0,0.0,0.0,0.0
5ONH_1_B,0.0,0.0,0.0,0.0
5ONH_1_E,0.0,0.0,0.0,0.0
5SWD_1_A,0.0,0.0,0.0,0.0
5SWD_1_B,0.5,0.5,0.5,0.5
5SWE_1_X,1.0,1.0,1.0,1.0
5T5A_1_A,0.0,0.0,0.0,0.0
5T7V_1_D,0.0,0.0,0.0,0.0
5T83_1_A,0.0,0.0,0.0,0.0
5TPY_1_A,1.0,1.0,1.0,1.0
5U30_1_B,0.0,0.0,0.0,0.0
5U31_1_B,0.0,0.0,0.0,0.0
5U33_1_B,0.0,0.0,0.0,0.0
5U34_1_B,1.0,1.0,1.0,1.0
5U3G_1_B,0.0,0.0,0.0,0.0
5U4I_1_x,0.0,0.0,0.0,0.0
5U4I_1_y,0.0,0.0,0.0,0.0
5U4J_1_a,0.0,0.0,0.0,0.0
5U4J_1_x-z,1.0,1.0,1.0,1.0
5U9G_1_W,0.0,0.0,0.0,0.0
5UD5_1_C,0.0,0.0,0.0,0.0
5UD5_1_D,0.0,0.0,0.0,0.0
5UQ7_1_y,0.0,0.0,0.0,0.0
5UQ8_1_y,0.0,0.0,0.0,0.0
5UYK_1_Y,0.0,0.0,0.0,0.0
5UYL_1_W,0.0,0.0,0.0,0.0
5UYL_1_Y,0.0,0.0,0.0,0.0
5UYM_1_Y,0.0,0.0,0.0,0.0
5UYN_1_W,0.0,0.0,0.0,0.0
5UYN_1_X,0.0,0.0,0.0,0.0
5UYN_1_Y,0.0,0.0,0.0,0.0
5UYP_1_X,0.0,0.0,0.0,0.0
5UYP_1_Y,0.0,0.0,0.0,0.0
5UYQ_1_W,0.0,0.0,0.0,0.0
5UYQ_1_X,0.0,0.0,0.0,0.0
5UYQ_1_Y,0.0,0.0,0.0,0.0
5UZA_1_X,0.0,0.0,0.0,0.0
5V6X_1_C,0.0,0.0,0.0,0.0
5V6X_1_D,0.0,0.0,0.0,0.0
5W4K_1_1w,0.0,0.0,0.0,0.0
5W4K_1_1x,0.0,0.0,0.0,0.0
5W4K_1_2w,0.0,0.0,0.0,0.0
5W4K_1_2x,0.0,0.0,0.0,0.0
5W4K_1_2y,0.0,0.0,0.0,0.0
5WDT_1_v,0.0,0.0,0.0,0.0
5WDT_1_w,0.0,0.0,0.0,0.0
5WDT_1_y,0.0,0.0,0.0,0.0
5WE4_1_v,0.0,0.0,0.0,0.0
5WE4_1_w,0.0,0.0,0.0,0.0
5WE4_1_y,0.0,0.0,0.0,0.0
5WE6_1_w,0.0,0.0,0.0,0.0
5WE6_1_y,0.0,0.0,0.0,0.0
5WF0_1_v,0.0,0.0,0.0,0.0
5WF0_1_w,0.0,0.0,0.0,0.0
5WF0_1_y,0.0,0.0,0.0,0.0
5WFK_1_w,0.0,0.0,0.0,0.0
5WFK_1_y,0.0,0.0,0.0,0.0
5WFS_1_v,0.0,0.0,0.0,0.0
5WFS_1_w,0.0,0.0,0.0,0.0
5WFS_1_y,0.0,0.0,0.0,0.0
5WIS_1_1w,0.0,0.0,0.0,0.0
5WIS_1_1x,0.0,0.0,0.0,0.0
5WIS_1_2w,0.0,0.0,0.0,0.0
5WIS_1_2x,0.0,0.0,0.0,0.0
5WIS_1_2y,0.0,0.0,0.0,0.0
5WIT_1_1w,0.0,0.0,0.0,0.0
5WIT_1_1x,0.0,0.0,0.0,0.0
5WIT_1_2w,0.0,0.0,0.0,0.0
5WIT_1_2x,0.0,0.0,0.0,0.0
5WQE_1_B,0.0,0.0,0.0,0.0
5WT1_1_C,0.0,0.0,0.0,0.0
5WT1_1_F,0.0,0.0,0.0,0.0
5WT3_1_C,0.0,0.0,0.0,0.0
5WTI_1_B,0.0,0.0,0.0,0.0
5WWR_1_C,0.0,0.0,0.0,0.0
5WWR_1_D,0.0,0.0,0.0,0.0
5WWS_1_C,0.0,0.0,0.0,0.0
5WWS_1_D,0.0,0.0,0.0,0.0
5WWT_1_C,0.0,0.0,0.0,0.0
5WWT_1_D,0.0,0.0,0.0,0.0
5X2G_1_B,0.0,0.0,0.0,0.0
5X2H_1_B,0.0,0.0,0.0,0.0
5X6B_1_P,0.0,0.0,0.0,0.0
5YYN_1_B,0.0,0.0,0.0,0.0
5YYN_1_D,0.0,0.0,0.0,0.0
5ZEB_1_v,1.0,1.0,1.0,1.0
5ZEG_1_A-B-C,0.0,0.0,0.0,0.0
5ZEU_1_v,1.0,1.0,1.0,1.0
5ZEY_1_A,0.5,0.333,0.4,0.408
5ZEY_1_B,1.0,1.0,1.0,1.0
6AGB_1_A,0.0,0.0,0.0,0.0
6AH3_1_A,0.0,0.0,0.0,0.0
6AH3_1_T,0.0,0.0,0.0,0.0
6B4V_1_D,0.0,0.0,0.0,0.0
6B4V_1_IA,0.0,0.0,0.0,0.0
6B4V_1_MC,0.0,0.0,0.0,0.0
6BFB_1_Y-X,0.0,0.0,0.0,0.0
6BOH_1_IA,0.0,0.0,0.0,0.0
6BOH_1_NC,0.0,0.0,0.0,0.0
6BOK_1_D,0.0,0.0,0.0,0.0
6BOK_1_GB,0.0,0.0,0.0,0.0
6BOK_1_IA,0.0,0.0,0.0,0.0
6BOK_1_LC,0.0,0.0,0.0,0.0
6BU8_1_Y,0.0,0.0,0.0,0.0
6BUW_1_QV,0.0,0.0,0.0,0.0
6BUW_1_XV,0.0,0.0,0.0,0.0
6BY1_1_AV,1.0,1.0,1.0,1.0
6BY1_1_AW,1.0,1.0,1.0,1.0
6BY1_1_BV,1.0,1.0,1.0,1.0
6BY1_1_BW,1.0,1.0,1.0,1.0
6BZ6_1_QV,0.0,0.0,0.0,0.0
6BZ6_1_XV,0.0,0.0,0.0,0.0
6BZ7_1_QV,0.0,0.0,0.0,0.0
6BZ7_1_XV,0.0,0.0,0.0,0.0
6BZ8_1_QV,0.0,0.0,0.0,0.0
6BZ8_1_XV,0.0,0.0,0.0,0.0
6C4I_1_x,0.0,0.0,0.0,0.0
6C4I_1_y,0.0,0.0,0.0,0.0
6C5L_1_AV,0.0,0.0,0.0,0.0
6C5L_1_CV,0.0,0.0,0.0,0.0
6CAE_1_1w,0.0,0.0,0.0,0.0
6CAE_1_1x,0.0,0.0,0.0,0.0
6CAE_1_1y,0.0,0.0,0.0,0.0
6CAE_1_2w,0.0,0.0,0.0,0.0
6CAE_1_2x,0.0,0.0,0.0,0.0
6CAE_1_2y,0.0,0.0,0.0,0.0
6CAO_1_W-Y,0.0,0.0,0.0,0.0
6CAP_1_W-Y,1.0,1.0,1.0,1.0
6CAQ_1_W-Y,1.0,1.0,1.0,1.0
6CAR_1_W-Y,1.0,1.0,1.0,1.0
6CAS_1_W-Y,1.0,1.0,1.0,1.0
6CFJ_1_1w,0.0,0.0,0.0,0.0
6CFJ_1_1x,0.0,0.0,0.0,0.0
6CFJ_1_2w,0.0,0.0,0.0,0.0
6CFJ_1_2x,0.0,0.0,0.0,0.0
6CFJ_1_2y,0.0,0.0,0.0,0.0
6CK5_1_B,0.0,0.0,0.0,0.0
6CU1_1_A,0.0,0.0,0.0,0.0
6D6V_1_B,0.0,0.0,0.0,0.0
6D90_1_3,0.0,0.0,0.0,0.0
6D90_1_4,0.0,0.0,0.0,0.0
6D9J_1_4,0.0,0.0,0.0,0.0
6DB8_1_R,0.0,0.0,0.0,0.0
6DB9_1_R,0.0,0.0,0.0,0.0
6DLQ_1_A,0.0,0.0,0.0,0.0
6DLR_1_A,0.0,0.0,0.0,0.0
6DLS_1_A,0.0,0.0,0.0,0.0
6DLT_1_A,0.0,0.0,0.0,0.0
6DN1_1_Z-X,0.0,0.0,0.0,0.0
6DN2_1_Y-X,0.0,0.0,0.0,0.0
6DN3_1_Y-X,0.0,0.0,0.0,0.0
6DNC_1_D,0.0,0.0,0.0,0.0
6DNC_1_LA,0.0,0.0,0.0,0.0
6DNR_1_A,0.0,0.0,0.0,0.0
6DTI_1_X-W,0.0,0.0,0.0,0.0
6E1S_1_A,0.5,0.5,0.5,0.5
6E1T_1_A,0.0,0.0,0.0,0.0
6E1U_1_A,0.5,0.5,0.5,0.5
6E1V_1_A,0.0,0.0,0.0,0.0
6E1W_1_A,0.5,0.5,0.5,0.5
6ENJ_1_9,0.0,0.0,0.0,0.0
6ENU_1_x,0.0,0.0,0.0,0.0
6FRK_1_1,0.0,0.0,0.0,0.0
6FTI_1_q,0.0,0.0,0.0,0.0
6FYX_1_1,0.0,0.0,0.0,0.0
6FYY_1_1,0.0,0.0,0.0,0.0
6FZ0_1_A,0.0,0.0,0.0,0.0
6G7Z_1_A-B,0.625,0.833,0.714,0.722
6GQ1_1_AX,1.0,1.0,1.0,1.0
6GQB_1_AX,1.0,1.0,1.0,1.0
6GQV_1_AY,1.0,1.0,1.0,1.0
6GSJ_1_2K,0.0,0.0,0.0,0.0
6GSJ_1_2L,0.0,0.0,0.0,0.0
6GSJ_1_3L,0.0,0.0,0.0,0.0
6GSK_1_2K,0.0,0.0,0.0,0.0
6GSK_1_2L,0.0,0.0,0.0,0.0
6GSL_1_1K,0.0,0.0,0.0,0.0
6GSL_1_1L,0.0,0.0,0.0,0.0
6GSL_1_2K,0.0,0.0,0.0,0.0
6GSL_1_2L,0.0,0.0,0.0,0.0
6GSM_1_1,0.0,0.0,0.0,0.0
6GWT_1_x,0.0,0.0,0.0,0.0
6GXM_1_x,0.0,0.0,0.0,0.0
6GXN_1_x,0.0,0.0,0.0,0.0
6GXO_1_x,1.0,1.0,1.0,1.0
6GYV_1_A,0.875,0.875,0.875,0.875
6GZ3_1_Bw,1.0,1.0,1.0,1.0
6GZ4_1_Bw,1.0,1.0,1.0,1.0
6GZ5_1_Bw,1.0,1.0,1.0,1.0
6H4N_1_w,0.0,0.0,0.0,0.0
6H58_1_w,0.0,0.0,0.0,0.0
6H58_1_ww,0.0,0.0,0.0,0.0
6HA1_1_x,0.0,0.0,0.0,0.0
6HA8_1_x,0.0,0.0,0.0,0.0
6HAG_1_A,0.0,0.0,0.0,0.0
6HCF_1_23,0.0,0.0,0.0,0.0
6HCJ_1_33,0.0,0.0,0.0,0.0
6HCJ_1_q3,0.0,0.0,0.0,0.0
6HCM_1_23,0.0,0.0,0.0,0.0
6HCQ_1_33,0.0,0.0,0.0,0.0
6HCQ_1_q3,0.0,0.0,0.0,0.0
6HIY_1_CA,0.0,0.0,0.0,0.0
6I0Y_1_V,0.0,0.0,0.0,0.0
6I7O_1_BS,0.0,0.0,0.0,0.0
6I7O_1_mb,0.0,0.0,0.0,0.0
6I7O_1_m,0.0,0.0,0.0,0.0
6I7O_1_n,0.0,0.0,0.0,0.0
6I7O_1_YS,0.0,0.0,0.0,0.0
6IP5_1_zu,0.0,0.0,0.0,0.0
6IP5_1_zy,0.0,0.0,0.0,0.0
6IP6_1_zy,0.0,0.0,0.0,0.0
6IP6_1_zz,0.0,0.0,0.0,0.0
6IP8_1_zy,0.0,0.0,0.0,0.0
6IP8_1_zz,0.0,0.0,0.0,0.0
6JXM_1_B,0.0,0.0,0.0,0.0
6K0B_1_V,0.0,0.0,0.0,0.0
6LVR_1_B,0.0,0.0,0.0,0.0
6LVR_1_D,0.0,0.0,0.0,0.0
6MJ0_1_A,0.0,0.0,0.0,0.0
6MJ0_1_B,0.375,0.5,0.429,0.433
6MKN_1_X-W,0.0,0.0,0.0,0.0
6MPF_1_X-W,0.5,1.0,0.667,0.707
6MPI_1_X-W,0.5,0.5,0.5,0.5
6MTB_1_2,0.0,0.0,0.0,0.0
6N1D_1_BATN,0.0,0.0,0.0,0.0
6N1D_1_BPTN,0.0,0.0,0.0,0.0
6N5K_1_A,0.167,0.5,0.25,0.289
6N5N_1_A,0.333,0.667,0.444,0.471
6N5O_1_A,0.833,1.0,0.909,0.913
6N5P_1_A,0.833,1.0,0.909,0.913
6N5Q_1_A,0.0,0.0,0.0,0.0
6N5S_1_A,0.0,0.0,0.0,0.0
6N5T_1_A,0.0,0.0,0.0,0.0
6N7X_1_R,0.0,0.0,0.0,0.0
6N9E_1_1x,0.0,0.0,0.0,0.0
6N9E_1_2x,0.0,0.0,0.0,0.0
6N9F_1_1x,0.0,0.0,0.0,0.0
6N9F_1_2x,0.0,0.0,0.0,0.0
6ND5_1_1w,0.0,0.0,0.0,0.0
6ND5_1_1x,0.0,0.0,0.0,0.0
6ND5_1_1y,0.0,0.0,0.0,0.0
6ND5_1_2w,0.0,0.0,0.0,0.0
6ND5_1_2x,0.0,0.0,0.0,0.0
6ND5_1_2y,0.0,0.0,0.0,0.0
6ND6_1_1w,0.0,0.0,0.0,0.0
6ND6_1_1x,0.0,0.0,0.0,0.0
6ND6_1_2w,0.0,0.0,0.0,0.0
6ND6_1_2x,0.0,0.0,0.0,0.0
6ND6_1_2y,0.0,0.0,0.0,0.0
6NDK_1_QV,0.0,0.0,0.0,0.0
6NDK_1_XV,0.0,0.0,0.0,0.0
6NSH_1_QV-QX,0.0,0.0,0.0,0.0
6NTA_1_XV-XX,0.333,1.0,0.5,0.577
6NUO_1_XV,0.0,0.0,0.0,0.0
6NY1_1_B,0.0,0.0,0.0,0.0
6NY2_1_B,0.0,0.0,0.0,0.0
6NY3_1_B,0.0,0.0,0.0,0.0
6O3M_1_QV,0.0,0.0,0.0,0.0
6O3M_1_XV,0.0,0.0,0.0,0.0
6O97_1_1w,0.0,0.0,0.0,0.0
6O97_1_1x,0.0,0.0,0.0,0.0
6O97_1_2w,0.0,0.0,0.0,0.0
6O97_1_2x,0.0,0.0,0.0,0.0
6O97_1_2y,0.0,0.0,0.0,0.0
6O9J_1_v,0.0,0.0,0.0,0.0
6OD9_1_A,1.0,1.0,1.0,1.0
6OD9_1_B,1.0,1.0,1.0,1.0
6OF1_1_1w,0.0,0.0,0.0,0.0
6OF1_1_1x,0.0,0.0,0.0,0.0
6OF1_1_2w,0.0,0.0,0.0,0.0
6OF1_1_2x,0.0,0.0,0.0,0.0
6OF1_1_2y,0.0,0.0,0.0,0.0
6OF6_1_QV,0.0,0.0,0.0,0.0
6OF6_1_XV,0.0,0.0,0.0,0.0
6OGI_1_5,0.0,0.0,0.0,0.0
6OJ2_1_QV,0.0,0.0,0.0,0.0
6OJ2_1_XV,0.0,0.0,0.0,0.0
6OL3_1_C,0.0,0.0,0.0,0.0
6OLE_1_v,0.0,0.0,0.0,0.0
6OLF_1_v,0.0,0.0,0.0,0.0
6OLG_1_Bv,0.0,0.0,0.0,0.0
6OLI_1_v,0.0,0.0,0.0,0.0
6OLZ_1_Bv,0.0,0.0,0.0,0.0
6OM0_1_v,0.0,0.0,0.0,0.0
6OM6_1_5,0.0,0.0,0.0,0.0
6OM7_1_v,0.0,0.0,0.0,0.0
6OPE_1_QV,0.0,0.0,0.0,0.0
6OPE_1_XV,0.0,0.0,0.0,0.0
6ORD_1_QV,0.0,0.0,0.0,0.0
6ORD_1_XV,0.0,0.0,0.0,0.0
6ORE_1_5,0.0,0.0,0.0,0.0
6ORL_1_5,0.0,0.0,0.0,0.0
6OSK_1_5,0.0,0.0,0.0,0.0
6OSQ_1_5,0.0,0.0,0.0,0.0
6OST_1_5,0.0,0.0,0.0,0.0
6OT3_1_5,0.0,0.0,0.0,0.0
6OTR_1_QV,0.0,0.0,0.0,0.0
6OTR_1_XV,0.0,0.0,0.0,0.0
6OUO_1_5,0.0,0.0,0.0,0.0
6OXA_1_QV,0.0,0.0,0.0,0.0
6OXA_1_XV,0.0,0.0,0.0,0.0
6OXI_1_XV,0.0,0.0,0.0,0.0
6P2H_1_A,0.0,0.0,0.0,0.0
6P4G_1_1,0.0,0.0,0.0,0.0
6P4H_1_1,0.25,0.333,0.286,0.289
6P5I_1_1,0.111,0.167,0.133,0.136
6P5J_1_1,0.1,0.143,0.118,0.12
6P5K_1_1,0.2,0.286,0.235,0.239
6P5N_1_1,0.0,0.0,0.0,0.0
6PMO_1_B,0.0,0.0,0.0,0.0
6POM_1_A,0.0,0.0,0.0,0.0
6Q57_1_A,1.0,1.0,1.0,1.0
6Q8Y_1_m,0.0,0.0,0.0,0.0
6Q8Y_1_n,0.0,0.0,0.0,0.0
6Q95_1_4,0.417,0.417,0.417,0.417
6Q95_1_7,0.0,0.0,0.0,0.0
6Q95_1_8,0.0,0.0,0.0,0.0
6Q97_1_4,1.0,1.0,1.0,1.0
6Q98_1_4,0.889,0.889,0.889,0.889
6Q9A_1_4,1.0,1.0,1.0,1.0
6Q9A_1_7,0.0,0.0,0.0,0.0
6QIS_1_A-B-C-D,1.0,1.0,1.0,1.0
6QNQ_1_1K,0.0,0.0,0.0,0.0
6QNQ_1_2K,0.0,0.0,0.0,0.0
6QNR_1_1K,0.0,0.0,0.0,0.0
6QNR_1_2K,0.0,0.0,0.0,0.0
6QNR_1_2L,0.0,0.0,0.0,0.0
6R47_1_A,0.0,0.0,0.0,0.0
6R5Q_1_2,0.0,0.0,0.0,0.0
6R5Q_1_3,0.0,0.0,0.0,0.0
6R6G_1_3,0.0,0.0,0.0,0.0
6R6G_1_AF,0.0,0.0,0.0,0.0
6R6P_1_2,0.0,0.0,0.0,0.0
6R6P_1_3,0.0,0.0,0.0,0.0
6R7Q_1_3,0.0,0.0,0.0,0.0
6R84_1_B,0.0,0.0,0.0,0.0
6R87_1_B,0.0,0.0,0.0,0.0
6RFL_1_U,0.0,0.0,0.0,0.0
6SNT_1_6,1.0,1.0,1.0,1.0
6SV4_1_mb,0.0,0.0,0.0,0.0
6SV4_1_mc,0.0,0.0,0.0,0.0
6SV4_1_n,0.0,0.0,0.0,0.0
6SVS_1_A,0.0,0.0,0.0,0.0
6SVS_1_B,0.0,0.0,0.0,0.0
6SW9_1_4,0.0,0.0,0.0,0.0
6SWC_1_4,0.0,0.0,0.0,0.0
6SXO_1_L8,0.0,0.0,0.0,0.0
6SZS_1_x,0.0,0.0,0.0,0.0
6T3K_1_A,0.778,0.875,0.824,0.825
6T3N_1_A,0.667,0.75,0.706,0.707
6T3S_1_A,0.778,0.875,0.824,0.825
6T4Q_1_6,1.0,1.0,1.0,1.0
6T4Q_1_7,0.0,0.0,0.0,0.0
6T59_1_23,0.0,0.0,0.0,0.0
6T7I_1_6,1.0,1.0,1.0,1.0
6T7I_1_7,0.0,0.0,0.0,0.0
6T7T_1_6,0.0,0.0,0.0,0.0
6T7T_1_7,0.0,0.0,0.0,0.0
6T83_1_6b,0.0,0.0,0.0,0.0
6T83_1_8,0.0,0.0,0.0,0.0
6TB3_1_n,0.0,0.0,0.0,0.0
6TB7_1_A,0.0,0.0,0.0,0.0
6TF0_1_A,0.0,0.0,0.0,0.0
6TF1_1_A,0.0,0.0,0.0,0.0
6TF2_1_A,0.0,0.0,0.0,0.0
6TF3_1_A,0.0,0.0,0.0,0.0
6TFE_1_A,0.0,0.0,0.0,0.0
6TFF_1_A,0.0,0.0,0.0,0.0
6TFG_1_A,0.0,0.0,0.0,0.0
6TFH_1_A,0.0,0.0,0.0,0.0
6TNA_1_A,0.0,0.0,0.0,0.0
6TNU_1_n,0.0,0.0,0.0,0.0
6TZ2_1_N-T-M,0.0,0.0,0.0,0.0
6UBU_1_B,1.0,1.0,1.0,1.0
6UC7_1_B,1.0,1.0,1.0,1.0
6UC8_1_B,1.0,1.0,1.0,1.0
6UC9_1_B,1.0,1.0,1.0,1.0
6UCQ_1_1x,0.0,0.0,0.0,0.0
6UCQ_1_2x,0.0,0.0,0.0,0.0
6UCQ_1_2y,0.0,0.0,0.0,0.0
6UES_1_A,0.0,0.0,0.0,0.0
6UET_1_A,0.0,0.0,0.0,0.0
6UEY_1_A,0.6,0.6,0.6,0.6
6UEY_1_C,1.0,1.0,1.0,1.0
6UF1_1_A,0.6,0.6,0.6,0.6
6UF1_1_C,1.0,1.0,1.0,1.0
6UFG_1_A,0.0,0.0,0.0,0.0
6UFG_1_B,0.0,0.0,0.0,0.0
6UFH_1_A,1.0,1.0,1.0,1.0
6UFH_1_B,0.0,0.0,0.0,0.0
6UFJ_1_A,0.6,0.6,0.6,0.6
6UFJ_1_C,1.0,1.0,1.0,1.0
6UFK_1_A,0.6,0.6,0.6,0.6
6UFK_1_C,1.0,1.0,1.0,1.0
6UFM_1_A,0.0,0.0,0.0,0.0
6UFM_1_B,1.0,1.0,1.0,1.0
6UGG_1_A,0.0,0.0,0.0,0.0
6UGG_1_B,0.0,0.0,0.0,0.0
6UO1_1_1w,0.0,0.0,0.0,0.0
6UO1_1_1x,0.0,0.0,0.0,0.0
6UO1_1_2w,0.0,0.0,0.0,0.0
6UO1_1_2x,0.0,0.0,0.0,0.0
6UO1_1_2y,0.0,0.0,0.0,0.0
6UZ7_1_3,0.0,0.0,0.0,0.0
6VMY_1_A,0.0,0.0,0.0,0.0
6VUH_1_A,1.0,1.0,1.0,1.0
6VUI_1_A,1.0,1.0,1.0,1.0
6VWM_1_5,0.0,0.0,0.0,0.0
6VWN_1_5,0.0,0.0,0.0,0.0
6VWT_1_A,1.0,1.0,1.0,1.0
6VWT_1_B,1.0,1.0,1.0,1.0
6VWV_1_A,1.0,1.0,1.0,1.0
6VWV_1_B,1.0,1.0,1.0,1.0
6W6L_1_v,0.0,0.0,0.0,0.0
6W6V_1_A,0.0,0.0,0.0,0.0
6WD2_1_7,0.0,0.0,0.0,0.0
6WD3_1_5,0.0,0.0,0.0,0.0
6WD3_1_6,0.0,0.0,0.0,0.0
6WD4_1_6,0.0,0.0,0.0,0.0
6WD4_1_7,0.0,0.0,0.0,0.0
6WD5_1_5,0.0,0.0,0.0,0.0
6WD5_1_6,0.0,0.0,0.0,0.0
6WD5_1_7,0.0,0.0,0.0,0.0
6WD6_1_5,0.0,0.0,0.0,0.0
6WD6_1_6,0.0,0.0,0.0,0.0
6WD9_1_6,0.0,0.0,0.0,0.0
6WD9_1_7,0.0,0.0,0.0,0.0
6WDA_1_7,0.0,0.0,0.0,0.0
6WDB_1_6,0.0,0.0,0.0,0.0
6WDB_1_7,0.0,0.0,0.0,0.0
6WDC_1_6,0.0,0.0,0.0,0.0
6WDC_1_7,0.0,0.0,0.0,0.0
6WDD_1_6,0.0,0.0,0.0,0.0
6WDD_1_7,0.0,0.0,0.0,0.0
6WDE_1_7,0.0,0.0,0.0,0.0
6WDF_1_5,0.0,0.0,0.0,0.0
6WDG_1_7,0.0,0.0,0.0,0.0
6WDH_1_6,0.0,0.0,0.0,0.0
6WDH_1_7,0.0,0.0,0.0,0.0
6WDI_1_5,0.0,0.0,0.0,0.0
6WDI_1_6,0.0,0.0,0.0,0.0
6WDJ_1_6,0.0,0.0,0.0,0.0
6WDJ_1_7,0.0,0.0,0.0,0.0
6WDK_1_5,0.0,0.0,0.0,0.0
6WDK_1_6,0.0,0.0,0.0,0.0
6WDK_1_7,0.0,0.0,0.0,0.0
6WDL_1_7,0.0,0.0,0.0,0.0
6WDM_1_5,0.0,0.0,0.0,0.0
6WDM_1_7,0.0,0.0,0.0,0.0
6WJR_1_X,1.0,1.0,1.0,1.0
6WJS_1_X,1.0,1.0,1.0,1.0
6WLM_15_A,0.0,0.0,0.0,0.0
6WLQ_3_A,0.0,0.0,0.0,0.0
6WLR_9_A,0.0,0.0,0.0,0.0
6WLS_11_A,0.462,0.667,0.545,0.555
6WNW_1_5,0.0,0.0,0.0,0.0
6WNW_1_7,0.0,0.0,0.0,0.0
6WTL_1_A,0.0,0.0,0.0,0.0
6WTR_1_A,0.0,0.0,0.0,0.0
6WZR_1_A,1.0,1.0,1.0,1.0
6WZR_1_B,1.0,1.0,1.0,1.0
6WZS_1_A,1.0,1.0,1.0,1.0
6WZS_1_B,1.0,1.0,1.0,1.0
6XA1_1_Bv,0.0,0.0,0.0,0.0
6XHV_1_1w,0.0,0.0,0.0,0.0
6XHV_1_1x,0.0,0.0,0.0,0.0
6XHV_1_1y,0.0,0.0,0.0,0.0
6XHV_1_2w,0.0,0.0,0.0,0.0
6XHV_1_2x,0.0,0.0,0.0,0.0
6XHV_1_2y,0.0,0.0,0.0,0.0
6XHW_1_1w,0.0,0.0,0.0,0.0
6XHW_1_1x,0.0,0.0,0.0,0.0
6XHW_1_2w,0.0,0.0,0.0,0.0
6XHW_1_2x,0.0,0.0,0.0,0.0
6XHW_1_2y,0.0,0.0,0.0,0.0
6XHY_1_1w,0.0,0.0,0.0,0.0
6XHY_1_1x,0.0,0.0,0.0,0.0
6XHY_1_2w,0.0,0.0,0.0,0.0
6XHY_1_2x,0.0,0.0,0.0,0.0
6XHY_1_2y,0.0,0.0,0.0,0.0
6XIQ_1_AX,1.0,1.0,1.0,1.0
6XIQ_1_AZ,1.0,1.0,1.0,1.0
6XIR_1_AX,0.0,0.0,0.0,0.0
6XIR_1_AZ,0.0,0.0,0.0,0.0
6XKN_1_A,0.0,0.0,0.0,0.0
6XKO_1_A,0.0,0.0,0.0,0.0
6XMF_1_C,0.0,0.0,0.0,0.0
6XMG_1_C,0.0,0.0,0.0,0.0
6XQD_1_1x,0.0,0.0,0.0,0.0
6XQD_1_2x,0.0,0.0,0.0,0.0
6XQE_1_1x,0.0,0.0,0.0,0.0
6XQE_1_2x,0.0,0.0,0.0,0.0
6XRZ_6_A,0.0,0.0,0.0,0.0
6XZ7_1_f,0.0,0.0,0.0,0.0
6XZ7_1_g,0.0,0.0,0.0,0.0
6XZA_1_f2,0.0,0.0,0.0,0.0
6XZB_1_f2,0.0,0.0,0.0,0.0
6XZB_1_g2,0.0,0.0,0.0,0.0
6Y0G_1_B4,0.0,0.0,0.0,0.0
6Y0G_1_D4,0.0,0.0,0.0,0.0
6Y2L_1_B4,0.0,0.0,0.0,0.0
6Y3G_1_F,0.0,0.0,0.0,0.0
6Y4B_1_F,0.0,0.0,0.0,0.0
6Y69_1_w,0.0,0.0,0.0,0.0
6YSR_1_w,0.0,0.0,0.0,0.0
6YSS_1_w,0.0,0.0,0.0,0.0
6YST_1_w,0.0,0.0,0.0,0.0
6YSU_1_w,0.0,0.0,0.0,0.0
6YWX_1_bb,0.0,0.0,0.0,0.0
6YWY_1_bb,0.0,0.0,0.0,0.0
6Z6L_1_CC,0.0,0.0,0.0,0.0
6Z6M_1_CC,0.0,0.0,0.0,0.0
6Z6N_1_CC,0.0,0.0,0.0,0.0
6ZM7_1_CC,0.0,0.0,0.0,0.0
6ZME_1_CC,0.0,0.0,0.0,0.0
6ZMI_1_CC,0.0,0.0,0.0,0.0
6ZMO_1_CC,0.0,0.0,0.0,0.0
6ZP4_1_1,0.0,0.0,0.0,0.0
6ZTJ_1_AW,0.0,0.0,0.0,0.0
6ZTJ_1_AX,0.0,0.0,0.0,0.0
6ZTL_1_AW,0.0,0.0,0.0,0.0
6ZTL_1_AX,0.0,0.0,0.0,0.0
6ZTM_1_AW,0.0,0.0,0.0,0.0
6ZTM_1_AX,0.0,0.0,0.0,0.0
6ZTN_1_AW,0.0,0.0,0.0,0.0
6ZTN_1_AX,0.0,0.0,0.0,0.0
6ZTN_1_AZ,0.0,0.0,0.0,0.0
6ZTO_1_AW,0.0,0.0,0.0,0.0
6ZTO_1_AX,0.0,0.0,0.0,0.0
6ZTP_1_AW,0.0,0.0,0.0,0.0
6ZTP_1_AX,0.0,0.0,0.0,0.0
6ZU1_1_AW,0.0,0.0,0.0,0.0
6ZU1_1_AX,0.0,0.0,0.0,0.0
6ZU9_1_1,0.0,0.0,0.0,0.0
6ZVH_1_x,0.0,0.0,0.0,0.0
6ZVI_1_e,0.0,0.0,0.0,0.0
6ZVK_1_E1,0.125,0.091,0.105,0.107
7A01_1_E1,0.0,0.0,0.0,0.0
7A09_1_f,0.0,0.0,0.0,0.0
7ABZ_1_7,0.0,0.0,0.0,0.0
7AC7_1_7,0.0,0.0,0.0,0.0
7AQC_1_P,0.0,0.0,0.0,0.0
7AQC_1_T,0.0,0.0,0.0,0.0
7AQD_1_T,0.0,0.0,0.0,0.0
7AS8_1_2,0.0,0.0,0.0,0.0
7AS9_1_2,0.0,0.0,0.0,0.0
7ASE_1_1,0.0,0.0,0.0,0.0
7B5K_1_9,1.0,1.0,1.0,1.0
7B5K_1_x,0.0,0.0,0.0,0.0
7B5K_1_z,0.0,0.0,0.0,0.0
7B7D_1_Sm,0.0,0.0,0.0,0.0
7B7D_1_Sn,0.0,0.0,0.0,0.0
7BG9_1_B,0.0,0.0,0.0,0.0
7C79_1_A,0.0,0.0,0.0,0.0
7C7A_1_A,0.0,0.0,0.0,0.0
7C7L_1_C,0.8,0.667,0.727,0.73
7CHD_1_I,0.0,0.0,0.0,0.0
7CHD_1_J,0.0,0.0,0.0,0.0
7CPJ_1_9,0.0,0.0,0.0,0.0
7D7V_1_A,0.0,0.0,0.0,0.0
7D7W_1_A,0.0,0.0,0.0,0.0
7D7X_1_A,0.0,0.0,0.0,0.0
7D7Y_1_A,0.0,0.0,0.0,0.0
7D7Z_1_A,0.0,0.0,0.0,0.0
7D8O_1_B,1.0,1.0,1.0,1.0
7D8O_1_D,1.0,1.0,1.0,1.0
7D8O_1_F,1.0,1.0,1.0,1.0
7D8O_1_H,1.0,1.0,1.0,1.0
7D8O_1_J,1.0,1.0,1.0,1.0
7D8O_1_L,1.0,1.0,1.0,1.0
7DUG_1_W-Y,1.0,1.0,1.0,1.0
7DUI_1_W-Y,1.0,1.0,1.0,1.0
7DUJ_1_W-Y,1.0,1.0,1.0,1.0
7DUK_1_W-Y,1.0,1.0,1.0,1.0
7DUL_1_W-Y,1.0,1.0,1.0,1.0
7E9E_1_A,1.0,1.0,1.0,1.0
7E9I_1_A,1.0,1.0,1.0,1.0
7EAF_1_A,1.0,1.0,1.0,1.0
7EAG_1_C-D-E-F-A-B,0.0,0.0,0.0,0.0
7ELP_1_A,1.0,1.0,1.0,1.0
7ELP_1_B,1.0,1.0,1.0,1.0
7ELQ_1_A,1.0,1.0,1.0,1.0
7ELQ_1_B,1.0,1.0,1.0,1.0
7ELR_1_A,1.0,1.0,1.0,1.0
7ELR_1_B,1.0,1.0,1.0,1.0
7ELS_1_A,1.0,1.0,1.0,1.0
7ELS_1_B,1.0,1.0,1.0,1.0
7EQJ_1_A,1.0,1.0,1.0,1.0
7EQJ_1_B,1.0,1.0,1.0,1.0
7EZ0_1_N,0.182,0.333,0.235,0.246
7F36_1_E,0.0,0.0,0.0,0.0
7F36_1_F,0.0,0.0,0.0,0.0
7F36_1_G,0.0,0.0,0.0,0.0
7F36_1_H,0.0,0.0,0.0,0.0
7JJU_1_A-B,0.0,0.0,0.0,0.0
7JQC_1_i,1.0,1.0,1.0,1.0
7JQL_1_1x,0.0,0.0,0.0,0.0
7JQL_1_2x,0.0,0.0,0.0,0.0
7JQM_1_1x,0.0,0.0,0.0,0.0
7JQM_1_2x,0.0,0.0,0.0,0.0
7JRS_1_B-A,0.0,0.0,0.0,0.0
7JRT_1_A,1.0,1.0,1.0,1.0
7JRT_1_B,1.0,1.0,1.0,1.0
7JT1_1_5,0.0,0.0,0.0,0.0
7JT2_1_5,0.0,0.0,0.0,0.0
7K00_1_Y,0.0,0.0,0.0,0.0
7K00_1_Z,0.0,0.0,0.0,0.0
7K16_1_P,0.0,0.0,0.0,0.0
7K50_1_5,0.0,0.0,0.0,0.0
7K50_1_7,0.0,0.0,0.0,0.0
7K51_1_5,0.0,0.0,0.0,0.0
7K52_1_5,0.0,0.0,0.0,0.0
7K52_1_6,0.0,0.0,0.0,0.0
7K53_1_5,0.0,0.0,0.0,0.0
7K53_1_7,0.0,0.0,0.0,0.0
7K54_1_5,0.0,0.0,0.0,0.0
7K54_1_6,0.0,0.0,0.0,0.0
7K55_1_5,0.0,0.0,0.0,0.0
7K55_1_6,0.0,0.0,0.0,0.0
7K98_1_C,0.0,0.0,0.0,0.0
7K98_1_F,0.0,0.0,0.0,0.0
7K9M_1_C,0.0,0.0,0.0,0.0
7KA0_1_C,0.0,0.0,0.0,0.0
7KA0_1_F,0.0,0.0,0.0,0.0
7KAB_1_C,0.0,0.0,0.0,0.0
7KD1_1_A,1.0,1.0,1.0,1.0
7KGA_1_A,0.0,0.0,0.0,0.0
7KGA_1_B,0.0,0.0,0.0,0.0
7KGB_1_y,0.0,0.0,0.0,0.0
7KJT_1_A,0.0,0.0,0.0,0.0
7KJU_1_A,0.0,0.0,0.0,0.0
7KVT_1_B,0.0,0.0,0.0,0.0
7KVU_1_G,0.0,0.0,0.0,0.0
7KVV_1_D,0.0,0.0,0.0,0.0
7L48_1_E,1.0,1.0,1.0,1.0
7L49_1_E,1.0,1.0,1.0,1.0
7LH5_1_CV,1.0,1.0,1.0,1.0
7LJ3_1_A,0.0,0.0,0.0,0.0
7LJ3_1_B,0.0,0.0,0.0,0.0
7LJ3_1_C,0.0,0.0,0.0,0.0
7LMA_1_B,0.0,0.0,0.0,0.0
7LMB_1_B,1.0,1.0,1.0,1.0
7LV0_1_5,0.0,0.0,0.0,0.0
7LYF_1_A,0.0,0.0,0.0,0.0
7LYJ_1_A,1.0,1.0,1.0,1.0
7MKY_1_A,1.0,1.0,1.0,1.0
7MLW_1_F,0.0,0.0,0.0,0.0
7MRL_1_A,0.0,0.0,0.0,0.0
7MSH_1_y,0.0,0.0,0.0,0.0
7MSM_1_y,0.0,0.0,0.0,0.0
7MT7_1_x,0.0,0.0,0.0,0.0
7MT7_1_y,0.0,0.0,0.0,0.0
7N1P_1_Dt,0.0,0.0,0.0,0.0
7N1P_1_Pt,0.0,0.0,0.0,0.0
7N2C_1_Dt,0.0,0.0,0.0,0.0
7N2C_1_Pt,0.0,0.0,0.0,0.0
7N2U_1_Dt,0.0,0.0,0.0,0.0
7N2U_1_Pt,0.0,0.0,0.0,0.0
7N2V_1_Dt,0.0,0.0,0.0,0.0
7N2V_1_Pt,0.0,0.0,0.0,0.0
7N30_1_Dt,0.0,0.0,0.0,0.0
7N30_1_Pt,0.0,0.0,0.0,0.0
7N31_1_Dt,0.0,0.0,0.0,0.0
7N31_1_Pt,0.0,0.0,0.0,0.0
7N3O_1_B,0.6,0.6,0.6,0.6
7N3P_1_B,0.6,0.75,0.667,0.671
7NFX_1_1,0.0,0.0,0.0,0.0
7NHK_1_D,0.0,0.0,0.0,0.0
7NHL_1_D,0.0,0.0,0.0,0.0
7NHM_1_D,0.0,0.0,0.0,0.0
7NHN_1_D,0.0,0.0,0.0,0.0
7NRC_1_Sn,0.0,0.0,0.0,0.0
7NRD_1_Sm,0.0,0.0,0.0,0.0
7NRD_1_Sn,0.0,0.0,0.0,0.0
7NSO_1_8,0.0,0.0,0.0,0.0
7NSP_1_8,0.0,0.0,0.0,0.0
7NSQ_1_8,0.0,0.0,0.0,0.0
7NWG_1_q3,0.0,0.0,0.0,0.0
7NWI_1_2,0.0,0.0,0.0,0.0
7NWT_1_5,0.0,0.0,0.0,0.0
7NWW_1_z,0.0,0.0,0.0,0.0
7O19_1_B8,0.0,0.0,0.0,0.0
7O1A_1_B8,0.0,0.0,0.0,0.0
7O1C_1_B8,0.0,0.0,0.0,0.0
7O7Y_1_AT,0.0,0.0,0.0,0.0
7O7Z_1_AH,1.0,1.0,1.0,1.0
7O7Z_1_AT,0.0,0.0,0.0,0.0
7O80_1_AT,0.0,0.0,0.0,0.0
7O81_1_AJ,0.0,0.0,0.0,0.0
7O81_1_AT,0.0,0.0,0.0,0.0
7OBR_1_1,0.0,0.0,0.0,0.0
7OI8_1_z,0.0,0.0,0.0,0.0
7OIA_1_z,0.0,0.0,0.0,0.0
7OID_1_z,0.0,0.0,0.0,0.0
7OIF_1_z,0.0,0.0,0.0,0.0
7OIG_1_z,0.0,0.0,0.0,0.0
7OII_1_z,0.0,0.0,0.0,0.0
7OIZ_1_V,0.0,0.0,0.0,0.0
7OJ0_1_V,0.0,0.0,0.0,0.0
7OSM_1_PSIT,0.0,0.0,0.0,0.0
7OT5_1_z,0.0,0.0,0.0,0.0
7P3K_1_V,0.0,0.0,0.0,0.0
7P48_1_5,0.0,0.0,0.0,0.0
7PJT_1_v,0.0,0.0,0.0,0.0
7PJT_1_w,0.0,0.0,0.0,0.0
7PJU_1_v,0.0,0.0,0.0,0.0
7PJU_1_w,0.0,0.0,0.0,0.0
7PJV_1_v,0.0,0.0,0.0,0.0
7PJV_1_w,0.0,0.0,0.0,0.0
7PJW_1_v,0.0,0.0,0.0,0.0
7PJW_1_w,0.0,0.0,0.0,0.0
7PJX_1_v,0.0,0.0,0.0,0.0
7PJX_1_w,0.0,0.0,0.0,0.0
7PJY_1_v,0.0,0.0,0.0,0.0
7PJY_1_w,0.0,0.0,0.0,0.0
7PJZ_1_v,0.0,0.0,0.0,0.0
7PJZ_1_w,0.0,0.0,0.0,0.0
7PLA_1_B,0.25,0.286,0.267,0.267
7R81_1_t1,0.0,0.0,0.0,0.0
7R81_1_u1,0.0,0.0,0.0,0.0
7RQ8_1_1w,0.0,0.0,0.0,0.0
7RQ8_1_1x,0.0,0.0,0.0,0.0
7RQ8_1_1y,0.0,0.0,0.0,0.0
7RQ8_1_2w,0.0,0.0,0.0,0.0
7RQ8_1_2x,0.0,0.0,0.0,0.0
7RQ8_1_2y,0.0,0.0,0.0,0.0
7RQ9_1_1w,0.0,0.0,0.0,0.0
7RQ9_1_1x,0.0,0.0,0.0,0.0
7RQ9_1_2w,0.0,0.0,0.0,0.0
7RQ9_1_2x,0.0,0.0,0.0,0.0
7RQ9_1_2y,0.0,0.0,0.0,0.0
7RR5_1_P,0.0,0.0,0.0,0.0
7S1G_1_A,0.0,0.0,0.0,0.0
7S1K_1_A,0.0,0.0,0.0,0.0
7SAM_1_A,0.0,0.0,0.0,0.0
7SC6_1_C,0.0,0.0,0.0,0.0
7SCQ_1_C,0.0,0.0,0.0,0.0
